"Time EST","Precipitation 1h (mm)","Precipitation Rate (mm/h)","Precipitation Yes/No"
"2017-11-01 00:00","0.0","0","No"
"2017-11-01 00:10","0.0","0","No"
"2017-11-01 00:20","0.0","0","No"
"2017-11-01 00:30","0.0","0","No"
"2017-11-01 00:40","0.0","0","No"
"2017-11-01 00:50","0.0","0","No"
"2017-11-01 01:00","0.0","0","No"
"2017-11-01 01:10","0.0","0","No"
"2017-11-01 01:20","0.0","0","No"
"2017-11-01 01:30","0.0","0","No"
"2017-11-01 01:40","0.0","0","No"
"2017-11-01 01:50","0.0","0","No"
"2017-11-01 02:00","0.0","0","No"
"2017-11-01 02:10","0.0","0","No"
"2017-11-01 02:20","0.0","0","No"
"2017-11-01 02:30","0.0","0","No"
"2017-11-01 02:40","0.0","0","No"
"2017-11-01 02:50","0.0","0","No"
"2017-11-01 03:00","0.0","0","No"
"2017-11-01 03:10","0.0","0","No"
"2017-11-01 03:20","0.0","0","No"
"2017-11-01 03:30","0.0","0","No"
"2017-11-01 03:40","0.0","0","No"
"2017-11-01 03:50","0.0","0","No"
"2017-11-01 04:00","0.0","0","No"
"2017-11-01 04:10","0.0","0","No"
"2017-11-01 04:20","0.0","0","No"
"2017-11-01 04:30","0.0","0","No"
"2017-11-01 04:40","0.0","0","No"
"2017-11-01 04:50","0.0","0","No"
"2017-11-01 05:00","0.0","0","No"
"2017-11-01 05:10","0.0","0","No"
"2017-11-01 05:20","0.0","0","No"
"2017-11-01 05:30","0.0","0","No"
"2017-11-01 05:40","0.0","0","No"
"2017-11-01 05:50","0.0","0","No"
"2017-11-01 06:00","0.0","0","No"
"2017-11-01 06:10","0.0","0","No"
"2017-11-01 06:20","0.0","0","No"
"2017-11-01 06:30","0.0","0","No"
"2017-11-01 06:40","0.0","0","No"
"2017-11-01 06:50","0.0","0","No"
"2017-11-01 07:00","0.0","0","No"
"2017-11-01 07:10","0.0","0","No"
"2017-11-01 07:20","0.0","0","No"
"2017-11-01 07:30","0.0","0","No"
"2017-11-01 07:40","0.0","0","No"
"2017-11-01 07:50","0.0","0","No"
"2017-11-01 08:00","0.0","0","No"
"2017-11-01 08:10","0.0","0","No"
"2017-11-01 08:20","0.0","0","No"
"2017-11-01 08:30","0.0","0","No"
"2017-11-01 08:40","0.0","0","No"
"2017-11-01 08:50","0.0","0","No"
"2017-11-01 09:00","0.0","0","No"
"2017-11-01 09:10","0.0","0","No"
"2017-11-01 09:20","0.0","0","No"
"2017-11-01 09:30","0.0","0","No"
"2017-11-01 09:40","0.0","0","No"
"2017-11-01 09:50","0.0","0","No"
"2017-11-01 10:00","0.0","0","No"
"2017-11-01 10:10","0.0","0","No"
"2017-11-01 10:20","0.0","0","No"
"2017-11-01 10:30","0.0","0","No"
"2017-11-01 10:40","0.0","0","No"
"2017-11-01 10:50","0.0","0","No"
"2017-11-01 11:00","0.0","0","No"
"2017-11-01 11:10","0.0","0","No"
"2017-11-01 11:20","0.0","0","No"
"2017-11-01 11:30","0.0","0","No"
"2017-11-01 11:40","0.0","0","No"
"2017-11-01 11:50","0.0","0","No"
"2017-11-01 12:00","0.0","0","No"
"2017-11-01 12:10","0.0","0","No"
"2017-11-01 12:20","0.0","0","No"
"2017-11-01 12:30","0.0","0","No"
"2017-11-01 12:40","0.0","0","No"
"2017-11-01 12:50","0.0","0","No"
"2017-11-01 13:00","0.0","0","No"
"2017-11-01 13:10","0.0","0","No"
"2017-11-01 13:20","0.0","0","No"
"2017-11-01 13:30","0.0","0","No"
"2017-11-01 13:40","0.0","0","No"
"2017-11-01 13:50","0.0","0","No"
"2017-11-01 14:00","0.0","0","No"
"2017-11-01 14:10","0.0","0","No"
"2017-11-01 14:20","0.0","0","No"
"2017-11-01 14:30","0.0","0","No"
"2017-11-01 14:40","0.0","0","No"
"2017-11-01 14:50","0.0","0","No"
"2017-11-01 15:00","0.0","0","No"
"2017-11-01 15:10","0.0","0","No"
"2017-11-01 15:20","0.0","0","No"
"2017-11-01 15:30","0.0","0","No"
"2017-11-01 15:40","0.0","0","No"
"2017-11-01 15:50","0.0","0","No"
"2017-11-01 16:00","0.0","0","No"
"2017-11-01 16:10","0.0","0","No"
"2017-11-01 16:20","0.0","0","No"
"2017-11-01 16:30","0.0","0","No"
"2017-11-01 16:40","0.0","0","No"
"2017-11-01 16:50","0.0","0","No"
"2017-11-01 17:00","0.0","0","No"
"2017-11-01 17:10","0.0","0","No"
"2017-11-01 17:20","0.0","0","No"
"2017-11-01 17:30","0.0","0","No"
"2017-11-01 17:40","0.0","0","No"
"2017-11-01 17:50","0.0","0","No"
"2017-11-01 18:00","0.0","0","No"
"2017-11-01 18:10","0.0","0","No"
"2017-11-01 18:20","0.0","0","No"
"2017-11-01 18:30","0.0","0","No"
"2017-11-01 18:40","0.0","0","No"
"2017-11-01 18:50","0.0","0","No"
"2017-11-01 19:00","0.0","0","No"
"2017-11-01 19:10","0.0","0","No"
"2017-11-01 19:20","0.0","0","No"
"2017-11-01 19:30","0.0","0","No"
"2017-11-01 19:40","0.0","0","No"
"2017-11-01 19:50","0.0","0","No"
"2017-11-01 20:00","0.0","0","No"
"2017-11-01 20:10","0.0","0","No"
"2017-11-01 20:20","0.0","0","No"
"2017-11-01 20:30","0.0","0","No"
"2017-11-01 20:40","0.0","0","No"
"2017-11-01 20:50","0.0","0","No"
"2017-11-01 21:00","0.0","0","No"
"2017-11-01 21:10","0.0","0","No"
"2017-11-01 21:20","0.0","0","No"
"2017-11-01 21:30","0.0","0","No"
"2017-11-01 21:40","0.0","0","No"
"2017-11-01 21:50","0.0","0","No"
"2017-11-01 22:00","0.0","0","No"
"2017-11-01 22:10","0.0","0","No"
"2017-11-01 22:20","0.0","0","No"
"2017-11-01 22:30","0.0","0","No"
"2017-11-01 22:40","0.0","0","No"
"2017-11-01 22:50","0.0","0","No"
"2017-11-01 23:00","0.0","0","No"
"2017-11-01 23:10","0.0","0","No"
"2017-11-01 23:20","0.0","0","No"
"2017-11-01 23:30","0.0","0","No"
"2017-11-01 23:40","0.0","0","No"
"2017-11-01 23:50","0.0","0","No"
"2017-11-02 00:00","0.0","0","No"
"2017-11-02 00:10","0.0","0","No"
"2017-11-02 00:20","0.0","0","No"
"2017-11-02 00:30","0.3","0.0","Yes"
"2017-11-02 00:40","0.3","0.0","Yes"
"2017-11-02 00:50","0.3","0","No"
"2017-11-02 01:00","0.3","0","No"
"2017-11-02 01:10","0.3","0","No"
"2017-11-02 01:20","0.3","0","No"
"2017-11-02 01:30","0.0","0","No"
"2017-11-02 01:40","0.0","0","No"
"2017-11-02 01:50","0.0","0","No"
"2017-11-02 02:00","0.0","0","No"
"2017-11-02 02:10","0.0","0","No"
"2017-11-02 02:20","0.0","0","No"
"2017-11-02 02:30","0.0","0","No"
"2017-11-02 02:40","0.0","0","No"
"2017-11-02 02:50","0.0","0","No"
"2017-11-02 03:00","0.0","0","No"
"2017-11-02 03:10","0.0","0","No"
"2017-11-02 03:20","0.0","0","No"
"2017-11-02 03:30","0.0","0","No"
"2017-11-02 03:40","0.0","0","No"
"2017-11-02 03:50","0.0","0","No"
"2017-11-02 04:00","0.0","0","No"
"2017-11-02 04:10","0.0","0","No"
"2017-11-02 04:20","0.0","0","No"
"2017-11-02 04:30","0.0","0","No"
"2017-11-02 04:40","0.0","0","No"
"2017-11-02 04:50","0.0","0","No"
"2017-11-02 05:00","0.0","0","No"
"2017-11-02 05:10","0.0","0","No"
"2017-11-02 05:20","0.0","0","No"
"2017-11-02 05:30","0.0","0","No"
"2017-11-02 05:40","0.0","0","No"
"2017-11-02 05:50","0.0","0","No"
"2017-11-02 06:00","0.0","0","No"
"2017-11-02 06:10","0.0","0","No"
"2017-11-02 06:20","0.0","0","No"
"2017-11-02 06:30","0.0","0","No"
"2017-11-02 06:40","0.0","0","No"
"2017-11-02 06:50","0.0","0","No"
"2017-11-02 07:00","0.0","0","No"
"2017-11-02 07:10","0.0","0","No"
"2017-11-02 07:20","0.0","0","No"
"2017-11-02 07:30","0.0","0","No"
"2017-11-02 07:40","0.0","0","No"
"2017-11-02 07:50","0.0","0","No"
"2017-11-02 08:00","0.0","0","No"
"2017-11-02 08:10","0.0","0","Yes"
"2017-11-02 08:20","0.0","0.0","Yes"
"2017-11-02 08:30","0.1","0","Yes"
"2017-11-02 08:40","0.1","0.0","Yes"
"2017-11-02 08:50","0.2","0.0","Yes"
"2017-11-02 09:00","0.2","0.0","Yes"
"2017-11-02 09:10","0.2","0","No"
"2017-11-02 09:20","0.2","0","No"
"2017-11-02 09:30","0.2","0","No"
"2017-11-02 09:40","0.1","0","No"
"2017-11-02 09:50","0.1","0","No"
"2017-11-02 10:00","0.1","0.0","Yes"
"2017-11-02 10:10","0.2","0.0","Yes"
"2017-11-02 10:20","0.3","0.0","Yes"
"2017-11-02 10:30","0.4","0.0","Yes"
"2017-11-02 10:40","0.5","0.0","Yes"
"2017-11-02 10:50","0.5","0","Yes"
"2017-11-02 11:00","0.5","0","Yes"
"2017-11-02 11:10","0.3","0","No"
"2017-11-02 11:20","0.2","0","No"
"2017-11-02 11:30","0.1","0","Yes"
"2017-11-02 11:40","0.0","0","No"
"2017-11-02 11:50","0.1","0.0","Yes"
"2017-11-02 12:00","0.1","0.1","Yes"
"2017-11-02 12:10","0.4","0.0","Yes"
"2017-11-02 12:20","0.4","0.0","Yes"
"2017-11-02 12:30","0.5","0.0","Yes"
"2017-11-02 12:40","0.7","0.0","Yes"
"2017-11-02 12:50","0.9","0.0","Yes"
"2017-11-02 13:00","0.9","0.0","Yes"
"2017-11-02 13:10","0.8","0.0","Yes"
"2017-11-02 13:20","0.8","0.0","Yes"
"2017-11-02 13:30","0.8","0","No"
"2017-11-02 13:40","0.6","0","Yes"
"2017-11-02 13:50","0.6","0.0","Yes"
"2017-11-02 14:00","0.5","0.0","Yes"
"2017-11-02 14:10","0.7","0.1","Yes"
"2017-11-02 14:20","0.7","0","No"
"2017-11-02 14:30","0.7","0.0","Yes"
"2017-11-02 14:40","0.8","0.0","Yes"
"2017-11-02 14:50","0.7","0","Yes"
"2017-11-02 15:00","0.6","0","No"
"2017-11-02 15:10","0.3","0.0","Yes"
"2017-11-02 15:20","0.3","0.0","Yes"
"2017-11-02 15:30","0.4","0","No"
"2017-11-02 15:40","0.3","0","No"
"2017-11-02 15:50","0.2","0","No"
"2017-11-02 16:00","0.2","0","Yes"
"2017-11-02 16:10","0.1","0","Yes"
"2017-11-02 16:20","0.1","0","No"
"2017-11-02 16:30","0.0","0","No"
"2017-11-02 16:40","0.0","0","No"
"2017-11-02 16:50","0.0","0.0","Yes"
"2017-11-02 17:00","0.0","0","No"
"2017-11-02 17:10","0.0","0","No"
"2017-11-02 17:20","0.0","0","No"
"2017-11-02 17:30","0.0","0","Yes"
"2017-11-02 17:40","0.0","0","Yes"
"2017-11-02 17:50","0.0","0","No"
"2017-11-02 18:00","0.0","0","No"
"2017-11-02 18:10","0.0","0","No"
"2017-11-02 18:20","0.0","0","Yes"
"2017-11-02 18:30","0.0","0.0","Yes"
"2017-11-02 18:40","0.0","0","No"
"2017-11-02 18:50","0.0","0","No"
"2017-11-02 19:00","0.1","0.0","Yes"
"2017-11-02 19:10","0.4","0.0","Yes"
"2017-11-02 19:20","0.6","0.1","Yes"
"2017-11-02 19:30","0.8","0.0","Yes"
"2017-11-02 19:40","0.8","0","Yes"
"2017-11-02 19:50","0.8","0","No"
"2017-11-02 20:00","0.8","0","No"
"2017-11-02 20:10","0.5","0","No"
"2017-11-02 20:20","0.2","0","No"
"2017-11-02 20:30","0.0","0","No"
"2017-11-02 20:40","0.0","0","No"
"2017-11-02 20:50","0.0","0","No"
"2017-11-02 21:00","0.0","0","No"
"2017-11-02 21:10","0.0","0","No"
"2017-11-02 21:20","0.0","0","No"
"2017-11-02 21:30","0.0","0","No"
"2017-11-02 21:40","0.0","0","No"
"2017-11-02 21:50","0.0","0","No"
"2017-11-02 22:00","0.0","0","No"
"2017-11-02 22:10","0.0","0","No"
"2017-11-02 22:20","0.0","0","No"
"2017-11-02 22:30","0.0","0","No"
"2017-11-02 22:40","0.0","0","No"
"2017-11-02 22:50","0.0","0","No"
"2017-11-02 23:00","0.0","0","No"
"2017-11-02 23:10","0.0","0","No"
"2017-11-02 23:20","0.0","0","No"
"2017-11-02 23:30","0.0","0","No"
"2017-11-02 23:40","0.0","0","No"
"2017-11-02 23:50","0.0","0","No"
"2017-11-03 00:00","0.0","0","No"
"2017-11-03 00:10","0.0","0","No"
"2017-11-03 00:20","0.0","0","Yes"
"2017-11-03 00:30","0.1","0.1","Yes"
"2017-11-03 00:40","0.4","0.1","Yes"
"2017-11-03 00:50","0.5","0","Yes"
"2017-11-03 01:00","0.6","0.0","Yes"
"2017-11-03 01:10","0.6","0","No"
"2017-11-03 01:20","0.6","0","No"
"2017-11-03 01:30","0.5","0","No"
"2017-11-03 01:40","0.2","0","No"
"2017-11-03 01:50","0.1","0","No"
"2017-11-03 02:00","0.0","0","No"
"2017-11-03 02:10","0.0","0","No"
"2017-11-03 02:20","0.0","0","No"
"2017-11-03 02:30","0.0","0","No"
"2017-11-03 02:40","0.0","0","No"
"2017-11-03 02:50","0.0","0","No"
"2017-11-03 03:00","0.0","0","No"
"2017-11-03 03:10","0.0","0","No"
"2017-11-03 03:20","0.0","0","No"
"2017-11-03 03:30","0.0","0","No"
"2017-11-03 03:40","0.0","0","No"
"2017-11-03 03:50","0.0","0","No"
"2017-11-03 04:00","0.0","0","No"
"2017-11-03 04:10","0.0","0","No"
"2017-11-03 04:20","0.0","0","No"
"2017-11-03 04:30","0.0","0","No"
"2017-11-03 04:40","0.0","0","No"
"2017-11-03 04:50","0.0","0","No"
"2017-11-03 05:00","0.0","0","No"
"2017-11-03 05:10","0.0","0","No"
"2017-11-03 05:20","0.0","0","No"
"2017-11-03 05:30","0.0","0","No"
"2017-11-03 05:40","0.0","0","No"
"2017-11-03 05:50","0.0","0","No"
"2017-11-03 06:00","0.0","0","No"
"2017-11-03 06:10","0.0","0","No"
"2017-11-03 06:20","0.0","0","No"
"2017-11-03 06:30","0.0","0","No"
"2017-11-03 06:40","0.0","0","No"
"2017-11-03 06:50","0.0","0","No"
"2017-11-03 07:00","0.0","0","No"
"2017-11-03 07:10","0.0","0","No"
"2017-11-03 07:20","0.0","0","Yes"
"2017-11-03 07:30","0.0","0","No"
"2017-11-03 07:40","0.0","0","No"
"2017-11-03 07:50","0.0","0","No"
"2017-11-03 08:00","0.0","0","No"
"2017-11-03 08:10","0.0","0","No"
"2017-11-03 08:20","0.0","0","No"
"2017-11-03 08:30","0.0","0.0","Yes"
"2017-11-03 08:40","0.0","0","No"
"2017-11-03 08:50","0.1","0","No"
"2017-11-03 09:00","0.2","0.1","Yes"
"2017-11-03 09:10","0.4","0.0","Yes"
"2017-11-03 09:20","0.8","0.1","Yes"
"2017-11-03 09:30","1.1","0.0","Yes"
"2017-11-03 09:40","1.1","0.0","Yes"
"2017-11-03 09:50","1.1","0","No"
"2017-11-03 10:00","1.0","0","No"
"2017-11-03 10:10","0.8","0","No"
"2017-11-03 10:20","0.4","0","No"
"2017-11-03 10:30","0.0","0","No"
"2017-11-03 10:40","0.0","0","No"
"2017-11-03 10:50","0.0","0","No"
"2017-11-03 11:00","0.0","0","No"
"2017-11-03 11:10","0.0","0","No"
"2017-11-03 11:20","0.0","0","No"
"2017-11-03 11:30","0.0","0","No"
"2017-11-03 11:40","0.0","0","No"
"2017-11-03 11:50","0.0","0","Yes"
"2017-11-03 12:00","0.0","0","No"
"2017-11-03 12:10","0.0","0","No"
"2017-11-03 12:20","0.0","0","No"
"2017-11-03 12:30","0.0","0","No"
"2017-11-03 12:40","0.0","0","No"
"2017-11-03 12:50","0.0","0","No"
"2017-11-03 13:00","0.0","0","No"
"2017-11-03 13:10","0.0","0","No"
"2017-11-03 13:20","0.0","0","No"
"2017-11-03 13:30","0.0","0","No"
"2017-11-03 13:40","0.0","0","No"
"2017-11-03 13:50","0.0","0","No"
"2017-11-03 14:00","0.0","0","No"
"2017-11-03 14:10","0.0","0","No"
"2017-11-03 14:20","0.0","0","No"
"2017-11-03 14:30","0.0","0","No"
"2017-11-03 14:40","0.0","0","No"
"2017-11-03 14:50","0.0","0","No"
"2017-11-03 15:00","0.0","0","No"
"2017-11-03 15:10","0.0","0","No"
"2017-11-03 15:20","0.0","0","No"
"2017-11-03 15:30","0.0","0","No"
"2017-11-03 15:40","0.0","0","No"
"2017-11-03 15:50","0.0","0","No"
"2017-11-03 16:00","0.0","0","No"
"2017-11-03 16:10","0.0","0","No"
"2017-11-03 16:20","0.0","0","No"
"2017-11-03 16:33","0.0","0","No"
"2017-11-03 16:40","0.0","0","No"
"2017-11-03 17:00","0.0","0","No"
"2017-11-03 17:20","0.0","0","No"
"2017-11-03 17:40","0.0","0","No"
"2017-11-03 18:00","0.0","0","No"
"2017-11-03 18:21","0.0","0","No"
"2017-11-03 18:40","0.0","0","No"
"2017-11-03 19:00","0.0","0","No"
"2017-11-03 19:20","0.0","0","No"
"2017-11-03 19:40","0.0","0","No"
"2017-11-03 20:00","0.0","0","No"
"2017-11-03 20:20","0.0","0","No"
"2017-11-03 20:37","0.0","0","No"
"2017-11-03 20:40","0.0","0","No"
"2017-11-03 21:00","0.0","0","No"
"2017-11-03 21:20","0.0","0","No"
"2017-11-03 21:40","0.0","0","No"
"2017-11-03 22:00","0.0","0","No"
"2017-11-03 22:20","0.0","0","No"
"2017-11-03 22:40","0.0","0","No"
"2017-11-03 23:00","0.0","0","No"
"2017-11-03 23:20","0.0","0","No"
"2017-11-03 23:40","0.0","0","No"
"2017-11-04 00:00","0.0","0","No"
"2017-11-04 00:20","0.0","0","No"
"2017-11-04 00:40","0.0","0","No"
"2017-11-04 01:00","0.0","0","No"
"2017-11-04 01:20","0.0","0","No"
"2017-11-04 01:40","0.0","0.0","Yes"
"2017-11-04 01:54","0.1","0","No"
"2017-11-04 02:00","0.1","0","No"
"2017-11-04 02:20","0.1","0","No"
"2017-11-04 02:40","0.0","0","No"
"2017-11-04 03:00","0.0","0","No"
"2017-11-04 03:20","0.0","0","No"
"2017-11-04 03:40","0.0","0","No"
"2017-11-04 04:00","0.0","0","No"
"2017-11-04 04:20","0.0","0","No"
"2017-11-04 04:40","0.0","0","No"
"2017-11-04 05:00","0.0","0","No"
"2017-11-04 05:20","0.0","0","No"
"2017-11-04 05:40","0.0","0","No"
"2017-11-04 06:00","0.0","0","No"
"2017-11-04 06:20","0.0","0","No"
"2017-11-04 06:40","0.0","0","No"
"2017-11-04 06:56","0.0","0","No"
"2017-11-04 07:00","0.0","0","No"
"2017-11-04 07:20","0.0","0","No"
"2017-11-04 07:40","0.0","0","No"
"2017-11-04 08:00","0.0","0","No"
"2017-11-04 08:20","0.0","0","No"
"2017-11-04 08:40","0.0","0","No"
"2017-11-04 09:00","0.0","0","No"
"2017-11-04 09:20","0.0","0","No"
"2017-11-04 09:40","0.0","0","No"
"2017-11-04 10:00","0.0","0","No"
"2017-11-04 10:20","0.0","0","No"
"2017-11-04 10:40","0.0","0","No"
"2017-11-04 11:00","0.0","0","No"
"2017-11-04 11:20","0.0","0","No"
"2017-11-04 11:27","0.0","0","No"
"2017-11-04 11:40","0.0","0","No"
"2017-11-04 12:00","0.0","0","No"
"2017-11-04 12:20","0.0","0","No"
"2017-11-04 12:40","0.0","0","No"
"2017-11-04 13:00","0.0","0","No"
"2017-11-04 13:20","0.0","0","No"
"2017-11-04 13:40","0.0","0","No"
"2017-11-04 14:00","0.0","0","No"
"2017-11-04 14:20","0.0","0","No"
"2017-11-04 14:40","0.0","0","No"
"2017-11-04 15:00","0.0","0","No"
"2017-11-04 15:20","0.0","0","No"
"2017-11-04 15:40","0.0","0","No"
"2017-11-04 16:00","0.0","0","No"
"2017-11-04 16:20","0.0","0","No"
"2017-11-04 16:40","0.0","0","No"
"2017-11-04 17:00","0.0","0","No"
"2017-11-04 17:20","0.0","0","No"
"2017-11-04 17:40","0.0","0","No"
"2017-11-04 18:00","0.0","0","No"
"2017-11-04 18:01","0.0","0","No"
"2017-11-04 18:21","0.0","0","No"
"2017-11-04 18:40","0.0","0","No"
"2017-11-04 19:00","0.0","0","No"
"2017-11-04 19:20","0.0","0","No"
"2017-11-04 19:40","0.0","0","No"
"2017-11-04 20:00","0.0","0","No"
"2017-11-04 20:20","0.0","0","No"
"2017-11-04 20:40","0.0","0","No"
"2017-11-04 21:00","0.0","0","No"
"2017-11-04 21:21","0.0","0","No"
"2017-11-04 21:40","0.0","0","No"
"2017-11-04 21:41","0.0","0","No"
"2017-11-04 22:00","0.0","0","No"
"2017-11-04 22:20","0.0","0","No"
"2017-11-04 22:40","0.0","0","No"
"2017-11-04 23:00","0.0","0","No"
"2017-11-04 23:20","0.0","0","No"
"2017-11-04 23:40","0.0","0","No"
"2017-11-05 00:00","0.0","0","No"
"2017-11-05 00:20","0.0","0","No"
"2017-11-05 00:40","0.0","0","No"
"2017-11-05 01:00","0.0","0","No"
"2017-11-05 01:01","0.0","0","No"
"2017-11-05 01:21","0.0","0","No"
"2017-11-05 01:21","0.0","0","No"
"2017-11-05 01:40","0.0","0","No"
"2017-11-05 01:41","0.0","0","No"
"2017-11-05 02:00","0.0","0","No"
"2017-11-05 02:21","0.0","0","No"
"2017-11-05 02:40","0.0","0","No"
"2017-11-05 03:00","0.0","0","No"
"2017-11-05 03:21","0.0","0","No"
"2017-11-05 03:35","0.0","0","No"
"2017-11-05 03:40","0.0","0","No"
"2017-11-05 04:00","0.0","0","No"
"2017-11-05 04:20","0.0","0","No"
"2017-11-05 04:40","0.0","0","No"
"2017-11-05 05:00","0.0","0","No"
"2017-11-05 05:20","0.0","0","No"
"2017-11-05 05:40","0.0","0","No"
"2017-11-05 06:00","0.0","0","No"
"2017-11-05 06:20","0.0","0","No"
"2017-11-05 06:40","0.0","0","No"
"2017-11-05 06:47","0.0","0","No"
"2017-11-05 07:00","0.0","0","No"
"2017-11-05 07:20","0.0","0","No"
"2017-11-05 07:40","0.0","0","No"
"2017-11-05 08:00","0.0","0","No"
"2017-11-05 08:20","0.0","0","No"
"2017-11-05 08:40","0.0","0","No"
"2017-11-05 09:00","0.0","0","No"
"2017-11-05 09:20","0.0","0","No"
"2017-11-05 09:40","0.0","0","No"
"2017-11-05 10:00","0.0","0","No"
"2017-11-05 10:20","0.0","0","No"
"2017-11-05 10:40","0.0","0","No"
"2017-11-05 11:00","0.0","0","No"
"2017-11-05 11:20","0.0","0","No"
"2017-11-05 11:40","0.0","0","No"
"2017-11-05 12:00","0.0","0","No"
"2017-11-05 12:20","0.0","0","No"
"2017-11-05 12:40","0.0","0","No"
"2017-11-05 13:00","0.0","0","No"
"2017-11-05 13:20","0.0","0","No"
"2017-11-05 13:40","0.0","0","No"
"2017-11-05 14:00","0.0","0","No"
"2017-11-05 14:20","0.0","0","No"
"2017-11-05 14:40","0.2","0.0","Yes"
"2017-11-05 15:00","0.4","0.1","Yes"
"2017-11-05 15:20","1.4","0.1","Yes"
"2017-11-05 15:40","1.6","0.0","Yes"
"2017-11-05 15:43","1.8","0.1","Yes"
"2017-11-05 16:00","2.1","0.1","Yes"
"2017-11-05 16:21","1.7","0.0","Yes"
"2017-11-05 16:40","1.8","0.0","Yes"
"2017-11-05 17:00","1.7","0","No"
"2017-11-05 17:20","1.1","0","No"
"2017-11-05 17:40","0.7","0","Yes"
"2017-11-05 18:00","0.1","0.0","Yes"
"2017-11-05 18:20","0.4","0.0","Yes"
"2017-11-05 18:40","0.5","0","Yes"
"2017-11-05 19:00","0.5","0","Yes"
"2017-11-05 19:20","0.3","0.0","Yes"
"2017-11-05 19:40","0.3","0","No"
"2017-11-05 20:00","0.2","0","Yes"
"2017-11-05 20:20","0.2","0","No"
"2017-11-05 20:40","0.1","0","No"
"2017-11-05 21:00","0.1","0","No"
"2017-11-05 21:20","0.0","0","No"
"2017-11-05 21:40","0.0","0","Yes"
"2017-11-05 22:00","0.3","0","No"
"2017-11-05 22:20","0.3","0","No"
"2017-11-05 22:40","0.3","0","No"
"2017-11-05 22:42","0.2","0","No"
"2017-11-05 23:00","0.0","0","No"
"2017-11-05 23:21","0.0","0","No"
"2017-11-05 23:40","0.0","0","No"
"2017-11-06 00:00","0.0","0","No"
"2017-11-06 00:20","0.0","0","No"
"2017-11-06 00:40","0.0","0","No"
"2017-11-06 01:00","0.0","0","No"
"2017-11-06 01:20","0.0","0","No"
"2017-11-06 01:40","0.0","0","No"
"2017-11-06 02:00","0.0","0","No"
"2017-11-06 02:20","0.0","0","No"
"2017-11-06 02:40","0.0","0","No"
"2017-11-06 03:00","0.0","0","No"
"2017-11-06 03:21","0.0","0","No"
"2017-11-06 03:40","0.0","0","No"
"2017-11-06 04:00","0.0","0","No"
"2017-11-06 04:20","0.0","0","No"
"2017-11-06 04:22","0.0","0","No"
"2017-11-06 04:40","0.0","0","No"
"2017-11-06 05:00","0.0","0","No"
"2017-11-06 05:20","0.0","0","No"
"2017-11-06 05:40","0.0","0","No"
"2017-11-06 06:00","0.0","0","No"
"2017-11-06 06:20","0.0","0","No"
"2017-11-06 06:40","0.0","0","No"
"2017-11-06 07:00","0.0","0","No"
"2017-11-06 07:20","0.0","0","No"
"2017-11-06 07:40","0.0","0","No"
"2017-11-06 08:00","0.0","0","No"
"2017-11-06 08:12","0.0","0","No"
"2017-11-06 08:20","0.0","0","No"
"2017-11-06 08:40","0.0","0","No"
"2017-11-06 09:00","0.0","0","No"
"2017-11-06 09:20","0.0","0","No"
"2017-11-06 09:40","0.0","0","No"
"2017-11-06 10:00","0.0","0","No"
"2017-11-06 10:20","0.0","0","No"
"2017-11-06 10:40","0.0","0","No"
"2017-11-06 11:00","0.0","0","No"
"2017-11-06 11:20","0.0","0","No"
"2017-11-06 11:40","0.0","0","No"
"2017-11-06 12:00","0.0","0","No"
"2017-11-06 12:21","0.0","0","No"
"2017-11-06 12:40","0.0","0","No"
"2017-11-06 13:00","0.0","0","No"
"2017-11-06 13:21","0.0","0","No"
"2017-11-06 13:40","0.0","0","No"
"2017-11-06 14:00","0.0","0","No"
"2017-11-06 14:17","0.0","0","No"
"2017-11-06 14:21","0.0","0","No"
"2017-11-06 14:40","0.0","0","No"
"2017-11-06 15:00","0.0","0","No"
"2017-11-06 15:21","0.0","0","No"
"2017-11-06 15:40","0.0","0","No"
"2017-11-06 16:00","0.0","0","No"
"2017-11-06 16:20","0.0","0","No"
"2017-11-06 16:40","0.0","0","No"
"2017-11-06 17:00","0.0","0","No"
"2017-11-06 17:21","0.0","0","No"
"2017-11-06 17:40","0.0","0","No"
"2017-11-06 18:00","0.0","0","No"
"2017-11-06 18:20","0.0","0","No"
"2017-11-06 18:40","0.0","0","No"
"2017-11-06 19:00","0.0","0","No"
"2017-11-06 19:20","0.0","0","No"
"2017-11-06 19:40","0.0","0","No"
"2017-11-06 19:51","0.0","0","No"
"2017-11-06 20:00","0.0","0","No"
"2017-11-06 20:20","0.0","0","No"
"2017-11-06 20:40","0.0","0","No"
"2017-11-06 21:00","0.0","0","No"
"2017-11-06 21:20","0.0","0","No"
"2017-11-06 21:40","0.0","0","No"
"2017-11-06 22:00","0.0","0","No"
"2017-11-06 22:20","0.0","0","No"
"2017-11-06 22:40","0.0","0","No"
"2017-11-06 23:00","0.0","0","No"
"2017-11-06 23:20","0.1","0","No"
"2017-11-06 23:40","0.1","0","No"
"2017-11-07 00:00","0.1","0","No"
"2017-11-07 00:20","0.0","0","No"
"2017-11-07 00:40","0.0","0","No"
"2017-11-07 00:59","0.0","0","No"
"2017-11-07 01:00","0.0","0","No"
"2017-11-07 01:20","0.0","0","No"
"2017-11-07 01:40","0.0","0","No"
"2017-11-07 02:00","0.0","0","No"
"2017-11-07 02:20","0.0","0","No"
"2017-11-07 02:40","0.0","0","No"
"2017-11-07 03:00","0.0","0","No"
"2017-11-07 03:21","0.0","0","No"
"2017-11-07 03:40","0.0","0","No"
"2017-11-07 04:00","0.0","0","No"
"2017-11-07 04:21","0.0","0","No"
"2017-11-07 04:40","0.0","0","No"
"2017-11-07 05:00","0.0","0","No"
"2017-11-07 05:21","0.0","0","No"
"2017-11-07 05:40","0.0","0","No"
"2017-11-07 06:00","0.0","0","No"
"2017-11-07 06:20","0.0","0","No"
"2017-11-07 06:38","0.0","0","No"
"2017-11-07 06:40","0.0","0","No"
"2017-11-07 07:00","0.0","0","No"
"2017-11-07 07:20","0.0","0","No"
"2017-11-07 07:40","0.0","0","No"
"2017-11-07 08:00","0.0","0","No"
"2017-11-07 08:20","0.0","0","No"
"2017-11-07 08:40","0.0","0","No"
"2017-11-07 09:00","0.0","0","No"
"2017-11-07 09:21","0.0","0","No"
"2017-11-07 09:40","0.0","0","No"
"2017-11-07 10:00","0.0","0","No"
"2017-11-07 10:21","0.0","0","No"
"2017-11-07 10:40","0.0","0","No"
"2017-11-07 11:00","0.0","0","No"
"2017-11-07 11:02","0.0","0","No"
"2017-11-07 11:20","0.0","0","No"
"2017-11-07 11:40","0.0","0","No"
"2017-11-07 12:00","0.0","0","No"
"2017-11-07 12:20","0.0","0","No"
"2017-11-07 12:40","0.0","0","No"
"2017-11-07 13:00","0.0","0","No"
"2017-11-07 13:21","0.0","0","No"
"2017-11-07 13:40","0.0","0","No"
"2017-11-07 14:00","0.0","0","No"
"2017-11-07 14:21","0.0","0","No"
"2017-11-07 14:40","0.0","0","No"
"2017-11-07 15:00","0.0","0","No"
"2017-11-07 15:10","0.0","0","No"
"2017-11-07 15:21","0.0","0","No"
"2017-11-07 15:40","0.0","0","No"
"2017-11-07 16:00","0.0","0","No"
"2017-11-07 16:21","0.0","0","No"
"2017-11-07 16:40","0.0","0","No"
"2017-11-07 17:00","0.0","0","No"
"2017-11-07 17:20","0.0","0","No"
"2017-11-07 17:40","0.0","0","No"
"2017-11-07 18:00","0.0","0","No"
"2017-11-07 18:14","0.0","0","No"
"2017-11-07 18:20","0.0","0","No"
"2017-11-07 18:40","0.0","0","No"
"2017-11-07 19:00","0.0","0","No"
"2017-11-07 19:20","0.0","0","No"
"2017-11-07 19:40","0.0","0","No"
"2017-11-07 20:00","0.0","0","No"
"2017-11-07 20:20","0.0","0","No"
"2017-11-07 20:40","0.0","0","No"
"2017-11-07 21:00","0.0","0","No"
"2017-11-07 21:20","0.0","0","No"
"2017-11-07 21:25","0.0","0","No"
"2017-11-07 21:40","0.0","0","No"
"2017-11-07 22:00","0.0","0","No"
"2017-11-07 22:20","0.0","0","No"
"2017-11-07 22:40","0.0","0","No"
"2017-11-07 23:00","0.0","0","No"
"2017-11-07 23:20","0.0","0","No"
"2017-11-07 23:40","0.0","0","No"
"2017-11-08 00:00","0.0","0","No"
"2017-11-08 00:20","0.0","0","No"
"2017-11-08 00:40","0.0","0","No"
"2017-11-08 01:00","0.0","0","No"
"2017-11-08 01:20","0.0","0","No"
"2017-11-08 01:40","0.0","0","No"
"2017-11-08 02:00","0.0","0","No"
"2017-11-08 02:16","0.0","0","No"
"2017-11-08 02:20","0.0","0","No"
"2017-11-08 02:40","0.0","0","No"
"2017-11-08 03:00","0.0","0","No"
"2017-11-08 03:20","0.0","0","No"
"2017-11-08 03:40","0.0","0","No"
"2017-11-08 04:00","0.0","0","No"
"2017-11-08 04:20","0.0","0","No"
"2017-11-08 04:40","0.0","0","No"
"2017-11-08 05:00","0.0","0","No"
"2017-11-08 05:21","0.0","0","No"
"2017-11-08 05:40","0.0","0","No"
"2017-11-08 05:54","0.0","0","No"
"2017-11-08 06:00","0.0","0","No"
"2017-11-08 06:20","0.0","0","No"
"2017-11-08 06:40","0.0","0","No"
"2017-11-08 07:00","0.0","0","No"
"2017-11-08 07:20","0.0","0","No"
"2017-11-08 07:40","0.0","0","No"
"2017-11-08 08:00","0.0","0","No"
"2017-11-08 08:21","0.0","0","No"
"2017-11-08 08:40","0.0","0","No"
"2017-11-08 09:00","0.0","0","No"
"2017-11-08 09:21","0.0","0","No"
"2017-11-08 09:40","0.0","0","No"
"2017-11-08 10:00","0.0","0","No"
"2017-11-08 10:08","0.0","0","No"
"2017-11-08 10:20","0.0","0","No"
"2017-11-08 10:40","0.0","0","No"
"2017-11-08 11:00","0.0","0","No"
"2017-11-08 11:20","0.0","0","No"
"2017-11-08 11:40","0.0","0","No"
"2017-11-08 12:00","0.0","0","No"
"2017-11-08 12:21","0.0","0","No"
"2017-11-08 12:40","0.0","0","No"
"2017-11-08 13:00","0.0","0","No"
"2017-11-08 13:20","0.0","0","No"
"2017-11-08 13:21","0.0","0","No"
"2017-11-08 13:40","0.0","0","No"
"2017-11-08 14:00","0.0","0","No"
"2017-11-08 14:20","0.0","0","No"
"2017-11-08 14:40","0.0","0","No"
"2017-11-08 15:00","0.0","0","No"
"2017-11-08 15:20","0.0","0","No"
"2017-11-08 15:40","0.0","0","No"
"2017-11-08 16:00","0.0","0","No"
"2017-11-08 16:20","0.0","0","No"
"2017-11-08 16:40","0.1","0","No"
"2017-11-08 17:00","0.1","0","No"
"2017-11-08 17:21","0.0","0","No"
"2017-11-08 17:40","0.0","0","No"
"2017-11-08 18:00","0.0","0","No"
"2017-11-08 18:21","0.3","0.0","Yes"
"2017-11-08 18:40","0.3","0","No"
"2017-11-08 19:00","0.4","0.0","Yes"
"2017-11-08 19:20","0.2","0","No"
"2017-11-08 19:40","0.3","0","No"
"2017-11-08 20:00","0.5","0","No"
"2017-11-08 20:20","0.4","0","No"
"2017-11-08 20:40","0.4","0","No"
"2017-11-08 21:00","0.1","0","No"
"2017-11-08 21:21","0.2","0.0","Yes"
"2017-11-08 21:40","0.3","0","No"
"2017-11-08 22:00","0.3","0","Yes"
"2017-11-08 22:20","0.2","0","No"
"2017-11-08 22:40","0.2","0","No"
"2017-11-08 23:00","0.3","0","No"
"2017-11-08 23:20","0.8","0","No"
"2017-11-08 23:40","3.5","0.5","Yes"
"2017-11-09 00:00","5.5","0.1","Yes"
"2017-11-09 00:20","6.0","0.1","Yes"
"2017-11-09 00:40","4.1","0.2","Yes"
"2017-11-09 01:00","2.6","0.1","Yes"
"2017-11-09 01:20","2.1","0.0","Yes"
"2017-11-09 01:40","1.5","0","Yes"
"2017-11-09 02:00","1.3","0.0","Yes"
"2017-11-09 02:20","1.2","0.1","Yes"
"2017-11-09 02:40","1.1","0.0","Yes"
"2017-11-09 03:00","1.0","0.0","Yes"
"2017-11-09 03:20","0.8","0.0","Yes"
"2017-11-09 03:40","0.6","0.0","Yes"
"2017-11-09 04:00","0.6","0.0","Yes"
"2017-11-09 04:20","0.5","0","Yes"
"2017-11-09 04:40","0.8","0.1","Yes"
"2017-11-09 05:00","1.0","0.0","Yes"
"2017-11-09 05:20","1.3","0.0","Yes"
"2017-11-09 05:40","1.3","0.0","Yes"
"2017-11-09 06:00","1.4","0","No"
"2017-11-09 06:20","0.9","0","No"
"2017-11-09 06:40","0.4","0","No"
"2017-11-09 07:00","0.0","0","No"
"2017-11-09 07:20","0.0","0","No"
"2017-11-09 07:40","0.0","0","No"
"2017-11-09 08:00","0.0","0","No"
"2017-11-09 08:20","0.0","0","No"
"2017-11-09 08:40","0.1","0","No"
"2017-11-09 09:00","0.1","0","No"
"2017-11-09 09:20","0.1","0","No"
"2017-11-09 09:40","0.0","0","Yes"
"2017-11-09 10:00","0.4","0.0","Yes"
"2017-11-09 10:20","0.5","0.0","Yes"
"2017-11-09 10:40","1.0","0.0","Yes"
"2017-11-09 11:00","1.0","0","No"
"2017-11-09 11:20","1.0","0","Yes"
"2017-11-09 11:40","0.5","0","No"
"2017-11-09 12:00","0.4","0.1","Yes"
"2017-11-09 12:20","0.4","0","No"
"2017-11-09 12:40","0.4","0","No"
"2017-11-09 13:00","0.1","0","No"
"2017-11-09 13:20","0.0","0","No"
"2017-11-09 13:40","0.0","0","No"
"2017-11-09 14:00","0.1","0.1","Yes"
"2017-11-09 14:20","0.3","0","No"
"2017-11-09 14:40","0.3","0","No"
"2017-11-09 15:00","0.2","0","No"
"2017-11-09 15:20","0.0","0","No"
"2017-11-09 15:40","0.0","0","No"
"2017-11-09 16:00","0.0","0","No"
"2017-11-09 16:20","0.0","0","No"
"2017-11-09 16:40","0.0","0","No"
"2017-11-09 17:00","0.0","0","No"
"2017-11-09 17:20","0.0","0","No"
"2017-11-09 17:40","0.0","0","No"
"2017-11-09 18:00","0.0","0","No"
"2017-11-09 18:20","0.0","0","No"
"2017-11-09 18:40","0.0","0","No"
"2017-11-09 19:00","0.0","0","No"
"2017-11-09 19:20","0.0","0","No"
"2017-11-09 19:40","0.0","0","No"
"2017-11-09 20:00","0.0","0","No"
"2017-11-09 20:20","0.0","0","No"
"2017-11-09 20:40","0.0","0","No"
"2017-11-09 21:00","0.0","0","No"
"2017-11-09 21:20","0.0","0","No"
"2017-11-09 21:40","0.0","0","No"
"2017-11-09 22:00","0.0","0","No"
"2017-11-09 22:20","0.0","0","No"
"2017-11-09 22:40","0.0","0","No"
"2017-11-09 23:00","0.0","0","No"
"2017-11-09 23:20","0.0","0","No"
"2017-11-09 23:40","0.0","0","No"
"2017-11-10 00:00","0.0","0","No"
"2017-11-10 00:20","0.0","0","No"
"2017-11-10 00:40","0.0","0","No"
"2017-11-10 01:00","0.0","0","No"
"2017-11-10 01:20","0.0","0","No"
"2017-11-10 01:40","0.0","0","No"
"2017-11-10 02:00","0.0","0","No"
"2017-11-10 02:20","0.0","0","No"
"2017-11-10 02:40","0.0","0","No"
"2017-11-10 03:00","0.0","0","No"
"2017-11-10 03:20","0.0","0","No"
"2017-11-10 03:40","0.0","0","No"
"2017-11-10 04:00","0.0","0","No"
"2017-11-10 04:20","0.0","0","No"
"2017-11-10 04:40","0.0","0","No"
"2017-11-10 05:00","0.0","0","No"
"2017-11-10 05:20","0.0","0","No"
"2017-11-10 05:40","0.0","0","No"
"2017-11-10 06:00","0.0","0","No"
"2017-11-10 06:20","0.0","0","No"
"2017-11-10 06:40","0.0","0","No"
"2017-11-10 07:00","0.0","0","No"
"2017-11-10 07:20","0.0","0","No"
"2017-11-10 07:40","0.0","0","No"
"2017-11-10 08:00","0.0","0","No"
"2017-11-10 08:20","0.0","0","No"
"2017-11-10 08:40","0.0","0","No"
"2017-11-10 09:00","0.0","0","No"
"2017-11-10 09:20","0.0","0","No"
"2017-11-10 09:40","0.0","0","No"
"2017-11-10 10:00","0.0","0","No"
"2017-11-10 10:20","0.0","0","No"
"2017-11-10 10:40","0.0","0","No"
"2017-11-10 11:00","0.0","0","No"
"2017-11-10 11:20","0.0","0","No"
"2017-11-10 11:40","0.0","0","No"
"2017-11-10 12:00","0.0","0","No"
"2017-11-10 12:20","0.0","0","No"
"2017-11-10 12:40","0.0","0","No"
"2017-11-10 13:00","0.0","0","No"
"2017-11-10 13:20","0.0","0","No"
"2017-11-10 13:40","0.0","0","No"
"2017-11-10 14:00","0.0","0","No"
"2017-11-10 14:20","0.0","0","No"
"2017-11-10 14:40","0.0","0","No"
"2017-11-10 15:00","0.0","0","No"
"2017-11-10 15:20","0.0","0","No"
"2017-11-10 15:40","0.0","0","No"
"2017-11-10 16:00","0.0","0","No"
"2017-11-10 16:20","0.0","0","No"
"2017-11-10 16:40","0.0","0","No"
"2017-11-10 17:00","0.0","0","No"
"2017-11-10 17:20","0.0","0","No"
"2017-11-10 17:40","0.0","0","No"
"2017-11-10 18:00","0.0","0","No"
"2017-11-10 18:20","0.0","0","No"
"2017-11-10 18:40","0.0","0","No"
"2017-11-10 19:00","0.0","0","No"
"2017-11-10 19:20","0.0","0","No"
"2017-11-10 19:40","0.0","0","No"
"2017-11-10 20:00","0.0","0","No"
"2017-11-10 20:20","0.0","0","No"
"2017-11-10 20:40","0.0","0","No"
"2017-11-10 21:00","0.0","0","No"
"2017-11-10 21:20","0.0","0","No"
"2017-11-10 21:40","0.0","0","No"
"2017-11-10 22:00","0.0","0","No"
"2017-11-10 22:20","0.0","0","No"
"2017-11-10 22:40","0.0","0","No"
"2017-11-10 23:00","0.0","0","No"
"2017-11-10 23:20","0.0","0","No"
"2017-11-10 23:40","0.0","0","No"
"2017-11-11 00:00","0.0","0","No"
"2017-11-11 00:20","0.0","0","No"
"2017-11-11 00:40","0.0","0","No"
"2017-11-11 01:00","0.0","0","No"
"2017-11-11 01:20","0.0","0","No"
"2017-11-11 01:40","0.0","0","No"
"2017-11-11 02:00","0.0","0","No"
"2017-11-11 02:20","0.0","0","No"
"2017-11-11 02:40","0.0","0","No"
"2017-11-11 03:00","0.0","0","No"
"2017-11-11 03:21","0.0","0","No"
"2017-11-11 03:40","0.0","0","No"
"2017-11-11 04:00","0.0","0","No"
"2017-11-11 04:20","0.0","0","No"
"2017-11-11 04:40","0.0","0","No"
"2017-11-11 05:00","0.0","0","No"
"2017-11-11 05:20","0.0","0","No"
"2017-11-11 05:40","0.0","0","No"
"2017-11-11 06:00","0.0","0","No"
"2017-11-11 06:20","0.0","0","No"
"2017-11-11 06:40","0.0","0","No"
"2017-11-11 07:00","0.0","0","No"
"2017-11-11 07:20","0.0","0","No"
"2017-11-11 07:40","0.0","0","No"
"2017-11-11 08:00","0.0","0","No"
"2017-11-11 08:20","0.0","0","No"
"2017-11-11 08:40","0.0","0","No"
"2017-11-11 09:00","0.0","0","No"
"2017-11-11 09:20","0.0","0","No"
"2017-11-11 09:40","0.0","0","No"
"2017-11-11 10:00","0.0","0","No"
"2017-11-11 10:20","0.0","0","No"
"2017-11-11 10:40","0.0","0","No"
"2017-11-11 11:00","0.0","0","No"
"2017-11-11 11:20","0.0","0","No"
"2017-11-11 11:40","0.0","0","No"
"2017-11-11 12:00","0.0","0","No"
"2017-11-11 12:20","0.0","0","No"
"2017-11-11 12:40","0.0","0","No"
"2017-11-11 13:00","0.0","0","No"
"2017-11-11 13:20","0.0","0","No"
"2017-11-11 13:40","0.0","0","No"
"2017-11-11 14:00","0.0","0","No"
"2017-11-11 14:20","0.0","0","No"
"2017-11-11 14:40","0.0","0","No"
"2017-11-11 15:00","0.0","0","No"
"2017-11-11 15:20","0.0","0","No"
"2017-11-11 15:40","0.0","0","No"
"2017-11-11 16:00","0.0","0","No"
"2017-11-11 16:20","0.0","0","No"
"2017-11-11 16:40","0.0","0","No"
"2017-11-11 17:00","0.0","0","No"
"2017-11-11 17:20","0.0","0","No"
"2017-11-11 17:40","0.0","0","No"
"2017-11-11 18:00","0.0","0","No"
"2017-11-11 18:20","0.0","0","No"
"2017-11-11 18:40","0.0","0","No"
"2017-11-11 19:00","0.0","0","No"
"2017-11-11 19:20","0.0","0","No"
"2017-11-11 19:40","0.0","0","No"
"2017-11-11 20:00","0.0","0","No"
"2017-11-11 20:20","0.0","0","No"
"2017-11-11 20:40","0.0","0","No"
"2017-11-11 21:00","0.0","0","No"
"2017-11-11 21:20","0.0","0","No"
"2017-11-11 21:40","0.0","0.1","Yes"
"2017-11-11 22:00","0.1","0","No"
"2017-11-11 22:20","0.1","0","Yes"
"2017-11-11 22:40","0.0","0","No"
"2017-11-11 23:00","0.0","0","No"
"2017-11-11 23:20","0.0","0","No"
"2017-11-11 23:40","0.0","0","No"
"2017-11-12 00:00","0.0","0","No"
"2017-11-12 00:20","0.0","0","No"
"2017-11-12 00:41","0.0","0","No"
"2017-11-12 01:01","0.0","0","No"
"2017-11-12 01:20","0.0","0","No"
"2017-11-12 01:40","0.0","0","No"
"2017-11-12 02:00","0.0","0","No"
"2017-11-12 02:20","0.0","0","No"
"2017-11-12 02:40","0.0","0","No"
"2017-11-12 03:00","0.0","0","No"
"2017-11-12 03:20","0.0","0","No"
"2017-11-12 03:40","0.0","0","No"
"2017-11-12 04:00","0.0","0","No"
"2017-11-12 04:20","0.0","0","No"
"2017-11-12 04:40","0.0","0","No"
"2017-11-12 05:00","0.0","0","No"
"2017-11-12 05:20","0.0","0","No"
"2017-11-12 05:40","0.0","0","No"
"2017-11-12 06:00","0.0","0","No"
"2017-11-12 06:20","0.0","0","No"
"2017-11-12 06:40","0.0","0","No"
"2017-11-12 07:00","0.0","0","No"
"2017-11-12 07:20","0.0","0","No"
"2017-11-12 07:40","0.0","0","No"
"2017-11-12 08:00","0.0","0","No"
"2017-11-12 08:20","0.0","0","No"
"2017-11-12 08:40","0.0","0","No"
"2017-11-12 09:00","0.0","0","No"
"2017-11-12 09:20","0.0","0","No"
"2017-11-12 09:40","0.0","0","No"
"2017-11-12 10:00","0.0","0","No"
"2017-11-12 10:20","0.0","0","No"
"2017-11-12 10:40","0.0","0","No"
"2017-11-12 11:00","0.0","0","No"
"2017-11-12 11:20","0.0","0","No"
"2017-11-12 11:40","0.0","0","No"
"2017-11-12 12:00","0.0","0","No"
"2017-11-12 12:20","0.0","0","No"
"2017-11-12 12:40","0.0","0","No"
"2017-11-12 13:00","0.0","0","No"
"2017-11-12 13:20","0.0","0","No"
"2017-11-12 13:40","0.0","0","No"
"2017-11-12 14:00","0.0","0","No"
"2017-11-12 14:20","0.0","0","No"
"2017-11-12 14:40","0.0","0","No"
"2017-11-12 15:00","0.0","0","No"
"2017-11-12 15:20","0.0","0","No"
"2017-11-12 15:40","0.0","0","No"
"2017-11-12 16:00","0.0","0","No"
"2017-11-12 16:20","0.0","0","No"
"2017-11-12 16:40","0.0","0","No"
"2017-11-12 17:00","0.0","0","No"
"2017-11-12 17:20","0.0","0","No"
"2017-11-12 17:40","0.0","0","No"
"2017-11-12 18:00","0.0","0","No"
"2017-11-12 18:20","0.0","0","No"
"2017-11-12 18:40","0.0","0","No"
"2017-11-12 19:00","0.0","0","No"
"2017-11-12 19:20","0.0","0","No"
"2017-11-12 19:40","0.0","0","No"
"2017-11-12 20:00","0.0","0","No"
"2017-11-12 20:20","0.0","0","No"
"2017-11-12 20:40","0.0","0","No"
"2017-11-12 21:00","0.0","0","No"
"2017-11-12 21:20","0.0","0","No"
"2017-11-12 21:40","0.0","0","No"
"2017-11-12 22:00","0.0","0","No"
"2017-11-12 22:20","0.0","0","No"
"2017-11-12 22:40","0.0","0","No"
"2017-11-12 23:00","0.0","0","No"
"2017-11-12 23:20","0.0","0","No"
"2017-11-12 23:40","0.0","0","No"
"2017-11-13 00:00","0.0","0","No"
"2017-11-13 00:20","0.0","0","No"
"2017-11-13 00:40","0.0","0","No"
"2017-11-13 01:00","0.0","0","No"
"2017-11-13 01:20","0.0","0","No"
"2017-11-13 01:40","0.0","0","No"
"2017-11-13 02:00","0.0","0","No"
"2017-11-13 02:20","0.0","0","No"
"2017-11-13 02:40","0.0","0","No"
"2017-11-13 03:00","0.0","0","No"
"2017-11-13 03:20","0.0","0","No"
"2017-11-13 03:40","0.0","0","No"
"2017-11-13 04:00","0.0","0","No"
"2017-11-13 04:20","0.0","0","No"
"2017-11-13 04:40","0.0","0","No"
"2017-11-13 05:00","0.0","0","No"
"2017-11-13 05:20","0.0","0","No"
"2017-11-13 05:40","0.0","0","No"
"2017-11-13 06:00","0.0","0","No"
"2017-11-13 06:20","0.0","0","No"
"2017-11-13 06:40","0.0","0","No"
"2017-11-13 07:00","0.0","0","No"
"2017-11-13 07:20","0.0","0","No"
"2017-11-13 07:40","0.0","0","No"
"2017-11-13 08:00","0.0","0","No"
"2017-11-13 08:20","0.0","0","No"
"2017-11-13 08:40","0.0","0","No"
"2017-11-13 09:00","0.0","0","No"
"2017-11-13 09:20","0.1","0.0","Yes"
"2017-11-13 09:40","0.1","0","No"
"2017-11-13 10:00","0.1","0","No"
"2017-11-13 10:20","0.0","0","No"
"2017-11-13 10:40","0.0","0","No"
"2017-11-13 11:00","0.0","0","No"
"2017-11-13 11:20","0.0","0","No"
"2017-11-13 11:40","0.0","0","No"
"2017-11-13 12:00","0.0","0","No"
"2017-11-13 12:20","0.0","0","No"
"2017-11-13 12:40","0.0","0","No"
"2017-11-13 13:00","0.0","0","No"
"2017-11-13 13:20","0.0","0","No"
"2017-11-13 13:40","0.0","0","No"
"2017-11-13 14:00","0.0","0","No"
"2017-11-13 14:20","0.0","0","No"
"2017-11-13 14:40","0.0","0","No"
"2017-11-13 15:00","0.0","0","No"
"2017-11-13 15:20","0.0","0","No"
"2017-11-13 15:40","0.0","0","No"
"2017-11-13 16:00","0.0","0","No"
"2017-11-13 16:20","0.0","0","No"
"2017-11-13 16:40","0.0","0","No"
"2017-11-13 17:00","0.0","0","No"
"2017-11-13 17:20","0.0","0","No"
"2017-11-13 17:40","0.0","0","No"
"2017-11-13 18:00","0.0","0","No"
"2017-11-13 18:20","0.0","0","No"
"2017-11-13 18:40","0.0","0","No"
"2017-11-13 19:00","0.0","0","No"
"2017-11-13 19:20","0.0","0","No"
"2017-11-13 19:40","0.0","0","No"
"2017-11-13 20:00","0.0","0","No"
"2017-11-13 20:20","0.0","0","No"
"2017-11-13 20:40","0.0","0","No"
"2017-11-13 21:00","0.0","0","No"
"2017-11-13 21:20","0.0","0","No"
"2017-11-13 21:40","0.0","0","No"
"2017-11-13 22:00","0.0","0","No"
"2017-11-13 22:20","0.0","0","No"
"2017-11-13 22:40","0.0","0","No"
"2017-11-13 23:00","0.0","0","No"
"2017-11-13 23:20","0.0","0","No"
"2017-11-13 23:40","0.0","0","No"
"2017-11-14 00:00","0.0","0","No"
"2017-11-14 00:20","0.0","0","No"
"2017-11-14 00:40","0.0","0","No"
"2017-11-14 01:00","0.0","0","No"
"2017-11-14 01:20","0.0","0","No"
"2017-11-14 01:40","0.0","0","No"
"2017-11-14 02:00","0.0","0","No"
"2017-11-14 02:20","0.0","0","No"
"2017-11-14 02:40","0.0","0","No"
"2017-11-14 03:00","0.0","0","No"
"2017-11-14 03:20","0.0","0","No"
"2017-11-14 03:40","0.0","0","No"
"2017-11-14 04:00","0.0","0","No"
"2017-11-14 04:20","0.0","0","No"
"2017-11-14 04:40","0.0","0","No"
"2017-11-14 05:00","0.0","0","No"
"2017-11-14 05:20","0.0","0","No"
"2017-11-14 05:40","0.0","0","No"
"2017-11-14 06:00","0.0","0","No"
"2017-11-14 06:20","0.0","0","No"
"2017-11-14 06:40","0.0","0","No"
"2017-11-14 07:00","0.0","0","No"
"2017-11-14 07:20","0.0","0","No"
"2017-11-14 07:40","0.0","0","No"
"2017-11-14 08:00","0.0","0","No"
"2017-11-14 08:20","0.0","0","No"
"2017-11-14 08:40","0.0","0","No"
"2017-11-14 09:00","0.0","0","No"
"2017-11-14 09:20","0.0","0","No"
"2017-11-14 09:40","0.0","0","No"
"2017-11-14 10:00","0.0","0","No"
"2017-11-14 10:20","0.0","0","No"
"2017-11-14 10:40","0.0","0","No"
"2017-11-14 11:00","0.0","0","No"
"2017-11-14 11:20","0.0","0","No"
"2017-11-14 11:40","0.0","0","No"
"2017-11-14 12:00","0.0","0","No"
"2017-11-14 12:20","0.0","0","No"
"2017-11-14 12:40","0.0","0","No"
"2017-11-14 13:00","0.0","0","No"
"2017-11-14 13:20","0.0","0","No"
"2017-11-14 13:40","0.0","0","No"
"2017-11-14 14:00","0.0","0","No"
"2017-11-14 14:20","0.0","0","No"
"2017-11-14 14:40","0.0","0","No"
"2017-11-14 15:00","0.0","0","No"
"2017-11-14 15:20","0.0","0","No"
"2017-11-14 15:40","0.0","0","No"
"2017-11-14 16:00","0.0","0","No"
"2017-11-14 16:20","0.0","0","No"
"2017-11-14 16:40","0.0","0","No"
"2017-11-14 17:00","0.0","0","No"
"2017-11-14 17:20","0.0","0","No"
"2017-11-14 17:40","0.0","0","No"
"2017-11-14 18:00","0.0","0","No"
"2017-11-14 18:20","0.0","0","No"
"2017-11-14 18:40","0.0","0","No"
"2017-11-14 19:00","0.0","0","No"
"2017-11-14 19:20","0.0","0","No"
"2017-11-14 19:40","0.0","0","No"
"2017-11-14 20:00","0.0","0","No"
"2017-11-14 20:20","0.0","0","No"
"2017-11-14 20:40","0.0","0","No"
"2017-11-14 21:00","0.0","0","No"
"2017-11-14 21:20","0.0","0","No"
"2017-11-14 21:40","0.0","0","No"
"2017-11-14 22:00","0.0","0","No"
"2017-11-14 22:20","0.0","0","No"
"2017-11-14 22:40","0.0","0","No"
"2017-11-14 23:00","0.0","0","No"
"2017-11-14 23:20","0.0","0","No"
"2017-11-14 23:40","0.0","0","No"
"2017-11-15 00:00","0.0","0","No"
"2017-11-15 00:20","0.0","0","No"
"2017-11-15 00:40","0.0","0","No"
"2017-11-15 01:00","0.0","0","No"
"2017-11-15 01:20","0.0","0","No"
"2017-11-15 01:40","0.0","0","No"
"2017-11-15 02:00","0.0","0.0","Yes"
"2017-11-15 02:20","0.0","0","No"
"2017-11-15 02:40","0.1","0.0","Yes"
"2017-11-15 03:00","0.1","0","No"
"2017-11-15 03:20","0.1","0","No"
"2017-11-15 03:40","0.0","0","No"
"2017-11-15 04:00","0.0","0","No"
"2017-11-15 04:20","0.0","0","No"
"2017-11-15 04:40","0.0","0","No"
"2017-11-15 05:00","0.1","0.1","Yes"
"2017-11-15 05:20","0.6","0.3","Yes"
"2017-11-15 05:40","0.7","0","No"
"2017-11-15 06:00","0.6","0","No"
"2017-11-15 06:20","0.1","0","No"
"2017-11-15 06:40","0.0","0","No"
"2017-11-15 07:00","0.0","0.0","Yes"
"2017-11-15 07:20","0.1","0","No"
"2017-11-15 07:40","0.1","0","No"
"2017-11-15 08:00","0.1","0","Yes"
"2017-11-15 08:20","0.1","0","No"
"2017-11-15 08:40","0.0","0","No"
"2017-11-15 09:00","0.0","0","No"
"2017-11-15 09:20","0.0","0","No"
"2017-11-15 09:40","0.0","0","No"
"2017-11-15 10:00","0.0","0","No"
"2017-11-15 10:20","0.0","0","No"
"2017-11-15 10:40","0.0","0.0","Yes"
"2017-11-15 11:00","0.3","0.0","Yes"
"2017-11-15 11:20","1.2","0.1","Yes"
"2017-11-15 11:40","1.8","0.0","Yes"
"2017-11-15 12:00","1.8","0.0","Yes"
"2017-11-15 12:20","1.3","0.0","Yes"
"2017-11-15 12:40","1.1","0.0","Yes"
"2017-11-15 13:00","1.0","0","Yes"
"2017-11-15 13:20","0.6","0.0","Yes"
"2017-11-15 13:40","0.4","0","Yes"
"2017-11-15 14:00","0.4","0","Yes"
"2017-11-15 14:20","0.2","0","No"
"2017-11-15 14:40","0.2","0","No"
"2017-11-15 15:00","0.1","0","No"
"2017-11-15 15:20","0.1","0","No"
"2017-11-15 15:40","0.0","0","No"
"2017-11-15 16:00","0.0","0","No"
"2017-11-15 16:20","0.0","0","Yes"
"2017-11-15 16:40","0.1","0.0","Yes"
"2017-11-15 17:00","0.1","0","No"
"2017-11-15 17:20","0.1","0","No"
"2017-11-15 17:40","0.2","0.0","Yes"
"2017-11-15 18:00","0.2","0","No"
"2017-11-15 18:20","0.2","0","No"
"2017-11-15 18:40","0.2","0","Yes"
"2017-11-15 19:00","0.2","0.0","Yes"
"2017-11-15 19:20","0.5","0.0","Yes"
"2017-11-15 19:40","0.7","0","No"
"2017-11-15 20:00","0.6","0","Yes"
"2017-11-15 20:20","0.3","0.0","Yes"
"2017-11-15 20:40","0.3","0","Yes"
"2017-11-15 21:00","0.3","0","Yes"
"2017-11-15 21:20","0.2","0","No"
"2017-11-15 21:40","0.1","0","No"
"2017-11-15 22:00","0.2","0.0","Yes"
"2017-11-15 22:20","0.4","0.0","Yes"
"2017-11-15 22:40","0.8","0.0","Yes"
"2017-11-15 23:00","1.1","0.0","Yes"
"2017-11-15 23:20","1.5","0.1","Yes"
"2017-11-15 23:40","1.9","0.1","Yes"
"2017-11-16 00:00","2.3","0.1","Yes"
"2017-11-16 00:20","2.0","0.0","Yes"
"2017-11-16 00:40","1.7","0.1","Yes"
"2017-11-16 01:00","1.8","0.1","Yes"
"2017-11-16 01:20","2.1","0.1","Yes"
"2017-11-16 01:40","2.2","0.0","Yes"
"2017-11-16 02:00","1.7","0.0","Yes"
"2017-11-16 02:20","1.5","0.0","Yes"
"2017-11-16 02:40","1.1","0.0","Yes"
"2017-11-16 03:00","1.0","0.0","Yes"
"2017-11-16 03:20","0.8","0.0","Yes"
"2017-11-16 03:40","0.7","0","Yes"
"2017-11-16 04:00","0.6","0.0","Yes"
"2017-11-16 04:20","0.4","0","No"
"2017-11-16 04:40","0.3","0","Yes"
"2017-11-16 05:00","0.1","0","No"
"2017-11-16 05:20","0.1","0","No"
"2017-11-16 05:40","0.0","0","No"
"2017-11-16 06:00","0.0","0","No"
"2017-11-16 06:20","0.0","0","No"
"2017-11-16 06:40","0.0","0","No"
"2017-11-16 07:00","","0","No"
"2017-11-16 07:20","","0","No"
"2017-11-16 07:40","","0","No"
"2017-11-16 08:00","0.0","0","No"
"2017-11-16 08:20","0.0","0","No"
"2017-11-16 08:40","0.0","0","No"
"2017-11-16 09:00","0.0","0","No"
"2017-11-16 09:20","0.0","0","No"
"2017-11-16 09:40","0.0","0","No"
"2017-11-16 10:00","0.0","0","No"
"2017-11-16 10:20","0.0","0","No"
"2017-11-16 10:40","0.0","0","No"
"2017-11-16 11:00","0.0","0","No"
"2017-11-16 11:20","0.0","0","No"
"2017-11-16 11:40","0.0","0","No"
"2017-11-16 12:00","0.0","0","No"
"2017-11-16 12:20","0.0","0","No"
"2017-11-16 12:40","0.0","0","No"
"2017-11-16 13:00","0.0","0","No"
"2017-11-16 13:20","0.0","0","No"
"2017-11-16 13:40","0.0","0","No"
"2017-11-16 14:00","0.0","0","No"
"2017-11-16 14:20","0.0","0","No"
"2017-11-16 14:40","0.0","0","No"
"2017-11-16 15:00","0.0","0","No"
"2017-11-16 15:20","0.0","0","No"
"2017-11-16 15:40","0.0","0","No"
"2017-11-16 16:00","0.0","0","No"
"2017-11-16 16:20","0.0","0","No"
"2017-11-16 16:40","0.0","0","No"
"2017-11-16 17:00","0.0","0","No"
"2017-11-16 17:20","0.0","0","No"
"2017-11-16 17:40","0.0","0","No"
"2017-11-16 18:00","0.0","0","No"
"2017-11-16 18:20","0.0","0","No"
"2017-11-16 18:40","0.0","0","No"
"2017-11-16 19:00","0.0","0","No"
"2017-11-16 19:20","0.0","0","No"
"2017-11-16 19:40","0.0","0","No"
"2017-11-16 20:00","0.0","0","No"
"2017-11-16 20:20","0.0","0","No"
"2017-11-16 20:40","0.0","0","No"
"2017-11-16 21:00","0.0","0","No"
"2017-11-16 21:20","0.0","0","No"
"2017-11-16 21:40","0.0","0","No"
"2017-11-16 22:00","0.0","0","No"
"2017-11-16 22:20","0.0","0","No"
"2017-11-16 22:40","0.0","0","No"
"2017-11-16 23:00","0.0","0","No"
"2017-11-16 23:20","0.0","0","No"
"2017-11-16 23:40","0.0","0","No"
"2017-11-17 00:00","0.0","0","No"
"2017-11-17 00:20","0.0","0","No"
"2017-11-17 00:40","0.0","0","No"
"2017-11-17 01:00","0.0","0","No"
"2017-11-17 01:20","0.0","0","No"
"2017-11-17 01:40","0.0","0","No"
"2017-11-17 02:00","0.0","0","No"
"2017-11-17 02:20","0.0","0","No"
"2017-11-17 02:40","0.0","0","No"
"2017-11-17 03:00","0.0","0","No"
"2017-11-17 03:20","0.0","0","No"
"2017-11-17 03:40","0.0","0","No"
"2017-11-17 04:00","0.0","0","No"
"2017-11-17 04:20","0.0","0","No"
"2017-11-17 04:40","0.0","0","No"
"2017-11-17 05:00","0.0","0","No"
"2017-11-17 05:20","0.0","0","No"
"2017-11-17 05:40","0.0","0","No"
"2017-11-17 06:00","0.0","0","No"
"2017-11-17 06:20","0.0","0","No"
"2017-11-17 06:40","0.0","0","No"
"2017-11-17 07:00","0.0","0","No"
"2017-11-17 07:20","0.0","0","No"
"2017-11-17 07:40","0.0","0","No"
"2017-11-17 08:00","0.0","0","No"
"2017-11-17 08:20","0.0","0","No"
"2017-11-17 08:40","0.0","0","No"
"2017-11-17 09:00","0.0","0","No"
"2017-11-17 09:20","0.0","0","No"
"2017-11-17 09:40","0.0","0","No"
"2017-11-17 10:00","0.0","0","No"
"2017-11-17 10:20","0.0","0","No"
"2017-11-17 10:40","0.0","0","No"
"2017-11-17 11:00","0.0","0","No"
"2017-11-17 11:20","0.0","0","No"
"2017-11-17 11:40","0.0","0","No"
"2017-11-17 12:00","0.0","0","No"
"2017-11-17 12:20","0.0","0","No"
"2017-11-17 12:40","0.0","0","No"
"2017-11-17 13:00","0.0","0","No"
"2017-11-17 13:20","0.0","0","No"
"2017-11-17 13:40","0.0","0","No"
"2017-11-17 14:00","0.0","0","No"
"2017-11-17 14:20","0.0","0","No"
"2017-11-17 14:40","0.0","0","No"
"2017-11-17 15:00","0.0","0","No"
"2017-11-17 15:20","0.0","0","No"
"2017-11-17 15:40","0.0","0","No"
"2017-11-17 16:00","0.0","0","No"
"2017-11-17 16:20","0.0","0","No"
"2017-11-17 16:40","0.0","0","No"
"2017-11-17 17:00","0.0","0","No"
"2017-11-17 17:20","0.0","0","No"
"2017-11-17 17:40","0.0","0","No"
"2017-11-17 18:00","0.0","0","No"
"2017-11-17 18:20","0.0","0","No"
"2017-11-17 18:40","0.0","0","No"
"2017-11-17 19:00","0.0","0","No"
"2017-11-17 19:20","0.0","0","No"
"2017-11-17 19:40","0.0","0","No"
"2017-11-17 20:00","0.1","0.0","Yes"
"2017-11-17 20:20","0.2","0","No"
"2017-11-17 20:40","0.5","0.1","Yes"
"2017-11-17 21:00","0.5","0","No"
"2017-11-17 21:21","0.4","0","No"
"2017-11-17 21:41","0.7","0.1","Yes"
"2017-11-17 22:01","0.9","0","No"
"2017-11-17 22:21","0.9","0","No"
"2017-11-17 22:41","0.3","0","No"
"2017-11-17 23:00","0.1","0.0","Yes"
"2017-11-17 23:20","0.2","0","No"
"2017-11-17 23:40","0.2","0","No"
"2017-11-18 00:00","0.1","0","No"
"2017-11-18 00:20","0.0","0","No"
"2017-11-18 00:40","0.0","0","No"
"2017-11-18 01:00","0.0","0","No"
"2017-11-18 01:20","0.0","0","No"
"2017-11-18 01:40","0.0","0","No"
"2017-11-18 02:00","0.0","0","No"
"2017-11-18 02:20","0.0","0","No"
"2017-11-18 02:40","0.0","0","No"
"2017-11-18 03:00","0.0","0","Yes"
"2017-11-18 03:20","0.0","0","No"
"2017-11-18 03:40","0.3","0.0","Yes"
"2017-11-18 04:00","0.4","0.0","Yes"
"2017-11-18 04:20","0.7","0.0","Yes"
"2017-11-18 04:40","0.9","0.0","Yes"
"2017-11-18 05:00","1.5","0.1","Yes"
"2017-11-18 05:20","2.2","0.2","Yes"
"2017-11-18 05:40","4.2","0.2","Yes"
"2017-11-18 06:00","5.0","0.2","Yes"
"2017-11-18 06:20","4.4","0.0","Yes"
"2017-11-18 06:40","2.1","0.0","Yes"
"2017-11-18 07:00","0.8","0","No"
"2017-11-18 07:20","0.4","0","No"
"2017-11-18 07:40","0.3","0","No"
"2017-11-18 08:00","0.0","0","No"
"2017-11-18 08:20","0.0","0","No"
"2017-11-18 08:40","0.0","0","No"
"2017-11-18 09:00","0.0","0","No"
"2017-11-18 09:20","0.0","0","No"
"2017-11-18 09:40","0.0","0","No"
"2017-11-18 10:00","0.0","0","No"
"2017-11-18 10:20","0.0","0","No"
"2017-11-18 10:40","0.0","0","No"
"2017-11-18 11:00","0.0","0","No"
"2017-11-18 11:20","0.0","0","No"
"2017-11-18 11:40","0.0","0","No"
"2017-11-18 12:00","0.0","0","No"
"2017-11-18 12:20","0.0","0","No"
"2017-11-18 12:40","0.0","0","No"
"2017-11-18 13:00","0.0","0","No"
"2017-11-18 13:20","0.0","0","No"
"2017-11-18 13:40","0.0","0","No"
"2017-11-18 14:00","0.0","0","No"
"2017-11-18 14:20","0.0","0","No"
"2017-11-18 14:40","0.0","0","No"
"2017-11-18 15:00","0.0","0","No"
"2017-11-18 15:20","0.0","0","No"
"2017-11-18 15:40","0.0","0","No"
"2017-11-18 16:00","0.0","0","No"
"2017-11-18 16:20","0.0","0","No"
"2017-11-18 16:40","0.0","0","No"
"2017-11-18 17:00","0.0","0","No"
"2017-11-18 17:20","0.0","0","No"
"2017-11-18 17:40","0.0","0","No"
"2017-11-18 18:00","0.0","0","No"
"2017-11-18 18:20","0.0","0","No"
"2017-11-18 18:40","0.0","0","No"
"2017-11-18 19:00","0.0","0","No"
"2017-11-18 19:20","0.4","0.0","Yes"
"2017-11-18 19:40","0.6","0","No"
"2017-11-18 20:00","0.6","0","No"
"2017-11-18 20:20","0.3","0.0","Yes"
"2017-11-18 20:40","0.1","0","Yes"
"2017-11-18 21:00","0.2","0","No"
"2017-11-18 21:20","0.1","0","No"
"2017-11-18 21:40","0.1","0","No"
"2017-11-18 22:00","0.0","0","No"
"2017-11-18 22:20","0.0","0","No"
"2017-11-18 22:40","0.0","0","No"
"2017-11-18 23:00","0.0","0","No"
"2017-11-18 23:20","0.0","0","No"
"2017-11-18 23:40","0.0","0","No"
"2017-11-19 00:00","0.0","0","No"
"2017-11-19 00:20","0.0","0","No"
"2017-11-19 00:40","0.0","0","No"
"2017-11-19 01:00","0.0","0","No"
"2017-11-19 01:20","0.0","0","No"
"2017-11-19 01:40","0.0","0","No"
"2017-11-19 02:00","0.0","0","No"
"2017-11-19 02:20","0.0","0","No"
"2017-11-19 02:40","0.0","0","No"
"2017-11-19 03:00","0.0","0","No"
"2017-11-19 03:20","0.0","0","No"
"2017-11-19 03:40","0.0","0","No"
"2017-11-19 04:00","0.0","0","No"
"2017-11-19 04:20","0.0","0","No"
"2017-11-19 04:40","0.0","0","No"
"2017-11-19 05:00","0.0","0","No"
"2017-11-19 05:20","0.0","0","No"
"2017-11-19 05:40","0.0","0","No"
"2017-11-19 06:00","0.0","0","No"
"2017-11-19 06:20","0.0","0","No"
"2017-11-19 06:40","0.0","0","No"
"2017-11-19 07:00","0.0","0","No"
"2017-11-19 07:20","0.0","0","No"
"2017-11-19 07:40","0.0","0","No"
"2017-11-19 08:00","0.0","0","No"
"2017-11-19 08:20","0.0","0","No"
"2017-11-19 08:40","0.0","0","No"
"2017-11-19 09:00","0.0","0","No"
"2017-11-19 09:20","0.0","0","No"
"2017-11-19 09:40","0.0","0","No"
"2017-11-19 10:00","0.0","0","No"
"2017-11-19 10:20","0.0","0","No"
"2017-11-19 10:40","0.0","0","No"
"2017-11-19 11:00","0.0","0","No"
"2017-11-19 11:20","0.0","0","No"
"2017-11-19 11:40","0.0","0","No"
"2017-11-19 12:00","0.0","0","No"
"2017-11-19 12:20","0.0","0","No"
"2017-11-19 12:40","0.0","0","No"
"2017-11-19 13:00","0.0","0","No"
"2017-11-19 13:20","0.0","0","No"
"2017-11-19 13:40","0.0","0","No"
"2017-11-19 14:00","0.0","0","No"
"2017-11-19 14:20","0.0","0","No"
"2017-11-19 14:40","0.0","0","No"
"2017-11-19 15:00","0.0","0","No"
"2017-11-19 15:20","0.0","0","No"
"2017-11-19 15:40","0.0","0","No"
"2017-11-19 16:00","0.0","0","No"
"2017-11-19 16:20","0.0","0","No"
"2017-11-19 16:40","0.0","0","No"
"2017-11-19 17:00","0.0","0","No"
"2017-11-19 17:20","0.0","0","No"
"2017-11-19 17:40","0.0","0","No"
"2017-11-19 18:00","0.0","0","No"
"2017-11-19 18:20","0.0","0","No"
"2017-11-19 18:40","0.0","0","No"
"2017-11-19 19:00","0.0","0","No"
"2017-11-19 19:20","0.0","0","No"
"2017-11-19 19:40","0.0","0","No"
"2017-11-19 20:00","0.0","0","No"
"2017-11-19 20:20","0.0","0","No"
"2017-11-19 20:40","0.0","0","No"
"2017-11-19 21:00","0.0","0","No"
"2017-11-19 21:20","0.0","0","No"
"2017-11-19 21:40","0.0","0","No"
"2017-11-19 22:00","0.0","0","No"
"2017-11-19 22:20","0.0","0","No"
"2017-11-19 22:40","0.0","0","No"
"2017-11-19 23:00","0.0","0","No"
"2017-11-19 23:20","0.0","0","No"
"2017-11-19 23:40","0.0","0","No"
"2017-11-20 00:00","0.0","0","No"
"2017-11-20 00:20","0.0","0","No"
"2017-11-20 00:40","0.0","0","No"
"2017-11-20 01:00","0.0","0","No"
"2017-11-20 01:20","0.0","0","No"
"2017-11-20 01:40","0.0","0","No"
"2017-11-20 02:00","0.0","0","No"
"2017-11-20 02:20","0.0","0","No"
"2017-11-20 02:40","0.0","0","No"
"2017-11-20 03:00","0.1","0.0","Yes"
"2017-11-20 03:20","0.1","0","No"
"2017-11-20 03:40","0.1","0","No"
"2017-11-20 04:00","0.0","0","No"
"2017-11-20 04:20","0.0","0","No"
"2017-11-20 04:40","0.0","0","No"
"2017-11-20 05:00","0.0","0","No"
"2017-11-20 05:20","0.0","0","No"
"2017-11-20 05:40","0.0","0","No"
"2017-11-20 06:00","0.0","0","No"
"2017-11-20 06:20","0.0","0","No"
"2017-11-20 06:40","0.0","0","No"
"2017-11-20 07:00","0.0","0","No"
"2017-11-20 07:20","0.0","0","No"
"2017-11-20 07:40","0.0","0","No"
"2017-11-20 08:00","0.0","0","No"
"2017-11-20 08:20","0.0","0","No"
"2017-11-20 08:40","0.0","0","No"
"2017-11-20 09:00","0.0","0","No"
"2017-11-20 09:20","0.0","0","No"
"2017-11-20 09:40","0.0","0","No"
"2017-11-20 10:00","0.0","0","No"
"2017-11-20 10:20","0.0","0","No"
"2017-11-20 10:40","0.0","0","No"
"2017-11-20 11:00","0.0","0","No"
"2017-11-20 11:20","0.0","0","No"
"2017-11-20 11:40","0.0","0","No"
"2017-11-20 12:00","0.0","0","No"
"2017-11-20 12:20","0.0","0","No"
"2017-11-20 12:40","0.0","0","No"
"2017-11-20 13:00","0.0","0","No"
"2017-11-20 13:20","0.0","0","No"
"2017-11-20 13:40","0.0","0","No"
"2017-11-20 14:00","0.0","0","No"
"2017-11-20 14:20","0.0","0","No"
"2017-11-20 14:40","0.0","0","No"
"2017-11-20 15:00","0.0","0","No"
"2017-11-20 15:20","0.0","0","No"
"2017-11-20 15:40","0.0","0","No"
"2017-11-20 16:00","0.0","0","No"
"2017-11-20 16:20","0.0","0","No"
"2017-11-20 16:40","0.0","0","No"
"2017-11-20 17:00","0.0","0","No"
"2017-11-20 17:20","0.0","0","No"
"2017-11-20 17:40","0.0","0","No"
"2017-11-20 18:00","0.0","0","No"
"2017-11-20 18:20","0.0","0","No"
"2017-11-20 18:40","0.0","0","No"
"2017-11-20 19:00","0.0","0","No"
"2017-11-20 19:20","0.0","0","No"
"2017-11-20 19:40","0.0","0","No"
"2017-11-20 20:00","0.0","0","No"
"2017-11-20 20:20","0.0","0","No"
"2017-11-20 20:40","0.0","0","No"
"2017-11-20 21:00","0.0","0","No"
"2017-11-20 21:20","0.0","0","No"
"2017-11-20 21:40","0.0","0","No"
"2017-11-20 22:00","0.0","0","No"
"2017-11-20 22:20","0.0","0","No"
"2017-11-20 22:40","0.0","0","No"
"2017-11-20 23:00","0.0","0","No"
"2017-11-20 23:20","0.0","0","No"
"2017-11-20 23:40","0.0","0","No"
"2017-11-21 00:00","0.0","0","No"
"2017-11-21 00:20","0.0","0","No"
"2017-11-21 00:40","0.0","0","No"
"2017-11-21 01:00","0.0","0","No"
"2017-11-21 01:20","0.0","0","No"
"2017-11-21 01:40","0.0","0","No"
"2017-11-21 02:00","0.0","0","No"
"2017-11-21 02:20","0.0","0","No"
"2017-11-21 02:40","0.0","0","No"
"2017-11-21 03:00","0.0","0","No"
"2017-11-21 03:20","0.0","0","No"
"2017-11-21 03:40","0.0","0","No"
"2017-11-21 04:00","0.0","0","No"
"2017-11-21 04:20","0.0","0","No"
"2017-11-21 04:40","0.0","0","No"
"2017-11-21 05:00","0.0","0","No"
"2017-11-21 05:20","0.0","0","No"
"2017-11-21 05:40","0.0","0","No"
"2017-11-21 06:00","0.0","0","No"
"2017-11-21 06:20","0.0","0","No"
"2017-11-21 06:40","0.0","0","No"
"2017-11-21 07:00","0.0","0","No"
"2017-11-21 07:20","0.0","0","No"
"2017-11-21 07:40","0.0","0","No"
"2017-11-21 08:00","0.0","0","No"
"2017-11-21 08:20","0.0","0","No"
"2017-11-21 08:40","0.0","0","No"
"2017-11-21 09:00","0.0","0","No"
"2017-11-21 09:20","0.0","0","No"
"2017-11-21 09:40","0.0","0","No"
"2017-11-21 10:00","0.0","0","No"
"2017-11-21 10:20","0.0","0","No"
"2017-11-21 10:40","0.0","0","No"
"2017-11-21 11:00","0.0","0","No"
"2017-11-21 11:20","0.0","0","No"
"2017-11-21 11:40","0.0","0","No"
"2017-11-21 12:00","0.0","0","No"
"2017-11-21 12:20","0.0","0","No"
"2017-11-21 12:40","0.0","0","No"
"2017-11-21 13:00","1.1","0","No"
"2017-11-21 13:20","1.1","0","No"
"2017-11-21 13:40","1.1","0","No"
"2017-11-21 14:00","0.0","0","No"
"2017-11-21 14:20","0.0","0","No"
"2017-11-21 14:40","0.0","0","No"
"2017-11-21 15:00","0.0","0","Yes"
"2017-11-21 15:20","0.1","0","No"
"2017-11-21 15:40","0.1","0","No"
"2017-11-21 16:00","0.1","0","No"
"2017-11-21 16:20","0.0","0","No"
"2017-11-21 16:40","0.0","0","No"
"2017-11-21 17:00","0.0","0","No"
"2017-11-21 17:20","0.0","0","No"
"2017-11-21 17:40","0.0","0","No"
"2017-11-21 18:00","0.0","0","No"
"2017-11-21 18:20","0.0","0","No"
"2017-11-21 18:40","0.0","0","No"
"2017-11-21 19:00","0.0","0","No"
"2017-11-21 19:20","0.0","0","No"
"2017-11-21 19:40","0.0","0","No"
"2017-11-21 20:00","0.0","0","No"
"2017-11-21 20:20","0.0","0","No"
"2017-11-21 20:40","0.0","0","No"
"2017-11-21 21:00","0.0","0","No"
"2017-11-21 21:20","0.0","0","No"
"2017-11-21 21:40","0.0","0","No"
"2017-11-21 22:00","0.0","0","No"
"2017-11-21 22:20","0.0","0","No"
"2017-11-21 22:40","0.0","0","No"
"2017-11-21 23:00","0.0","0","No"
"2017-11-21 23:20","0.0","0","No"
"2017-11-21 23:40","0.0","0","No"
"2017-11-22 00:00","0.0","0","No"
"2017-11-22 00:20","0.0","0","No"
"2017-11-22 00:40","0.0","0","No"
"2017-11-22 01:00","0.0","0","No"
"2017-11-22 01:20","0.0","0","No"
"2017-11-22 01:40","0.0","0","No"
"2017-11-22 02:00","0.0","0","No"
"2017-11-22 02:20","0.0","0","No"
"2017-11-22 02:40","0.0","0","No"
"2017-11-22 03:00","0.0","0","No"
"2017-11-22 03:20","0.0","0","No"
"2017-11-22 03:40","0.0","0","No"
"2017-11-22 04:00","0.0","0","No"
"2017-11-22 04:20","0.0","0","No"
"2017-11-22 04:40","0.0","0","No"
"2017-11-22 05:00","0.0","0","No"
"2017-11-22 05:20","0.0","0","No"
"2017-11-22 05:40","0.0","0","No"
"2017-11-22 06:00","0.0","0","No"
"2017-11-22 06:20","0.0","0","No"
"2017-11-22 06:40","0.1","0.1","Yes"
"2017-11-22 07:00","0.2","0","Yes"
"2017-11-22 07:20","0.3","0.0","Yes"
"2017-11-22 07:40","1.1","0","No"
"2017-11-22 08:00","1.0","0","No"
"2017-11-22 08:20","1.0","0","No"
"2017-11-22 08:40","0.1","0","No"
"2017-11-22 09:00","0.1","0","No"
"2017-11-22 09:20","0.0","0","No"
"2017-11-22 09:40","0.0","0","No"
"2017-11-22 10:00","0.0","0","No"
"2017-11-22 10:20","0.0","0","No"
"2017-11-22 10:40","0.0","0","No"
"2017-11-22 11:00","0.0","0","No"
"2017-11-22 11:20","0.0","0","No"
"2017-11-22 11:40","0.0","0","No"
"2017-11-22 12:00","0.0","0","No"
"2017-11-22 12:20","0.0","0","No"
"2017-11-22 12:40","0.0","0","No"
"2017-11-22 13:00","0.0","0","No"
"2017-11-22 13:20","0.0","0","No"
"2017-11-22 13:40","0.0","0","No"
"2017-11-22 14:00","0.0","0","No"
"2017-11-22 14:20","0.0","0","No"
"2017-11-22 14:40","0.0","0","No"
"2017-11-22 15:00","0.0","0","No"
"2017-11-22 15:20","0.0","0","No"
"2017-11-22 15:40","0.0","0","No"
"2017-11-22 16:00","0.0","0","No"
"2017-11-22 16:20","0.0","0","No"
"2017-11-22 16:40","0.0","0","No"
"2017-11-22 17:00","0.0","0","No"
"2017-11-22 17:20","0.0","0","No"
"2017-11-22 17:40","0.0","0","No"
"2017-11-22 18:00","0.0","0","No"
"2017-11-22 18:20","0.0","0","No"
"2017-11-22 18:40","0.0","0","No"
"2017-11-22 19:00","0.0","0","No"
"2017-11-22 19:20","0.0","0","No"
"2017-11-22 19:40","0.0","0","No"
"2017-11-22 20:00","0.0","0","No"
"2017-11-22 20:20","0.0","0","No"
"2017-11-22 20:40","0.0","0","No"
"2017-11-22 21:00","0.0","0","No"
"2017-11-22 21:20","0.0","0","No"
"2017-11-22 21:40","0.0","0","No"
"2017-11-22 22:00","0.0","0","No"
"2017-11-22 22:20","0.0","0","No"
"2017-11-22 22:40","0.0","0","No"
"2017-11-22 23:00","0.0","0","No"
"2017-11-22 23:20","0.0","0","No"
"2017-11-22 23:40","0.0","0","No"
"2017-11-23 00:00","0.0","0","No"
"2017-11-23 00:20","0.0","0","No"
"2017-11-23 00:40","0.0","0","No"
"2017-11-23 01:00","0.0","0","No"
"2017-11-23 01:20","0.0","0","No"
"2017-11-23 01:40","0.0","0","No"
"2017-11-23 02:00","0.0","0","No"
"2017-11-23 02:20","0.0","0","No"
"2017-11-23 02:40","0.0","0","No"
"2017-11-23 03:00","0.0","0","No"
"2017-11-23 03:20","0.0","0","No"
"2017-11-23 03:40","0.0","0","No"
"2017-11-23 04:00","0.0","0","No"
"2017-11-23 04:20","0.0","0","No"
"2017-11-23 04:40","0.0","0","No"
"2017-11-23 05:00","0.0","0","No"
"2017-11-23 05:20","0.0","0","No"
"2017-11-23 05:40","0.0","0","No"
"2017-11-23 06:00","0.0","0","No"
"2017-11-23 06:20","0.0","0","No"
"2017-11-23 06:40","0.0","0","No"
"2017-11-23 07:00","0.0","0","No"
"2017-11-23 07:20","0.0","0","No"
"2017-11-23 07:40","0.0","0","No"
"2017-11-23 08:00","0.0","0","No"
"2017-11-23 08:20","0.0","0","No"
"2017-11-23 08:40","0.0","0","No"
"2017-11-23 09:00","0.0","0","No"
"2017-11-23 09:20","0.0","0","No"
"2017-11-23 09:40","0.0","0","No"
"2017-11-23 10:00","0.0","0","No"
"2017-11-23 10:20","0.0","0","No"
"2017-11-23 10:40","0.0","0","No"
"2017-11-23 11:00","0.0","0","No"
"2017-11-23 11:20","0.0","0","No"
"2017-11-23 11:40","0.0","0","No"
"2017-11-23 12:00","0.0","0","No"
"2017-11-23 12:20","0.0","0","No"
"2017-11-23 12:40","0.0","0","No"
"2017-11-23 13:00","0.0","0","No"
"2017-11-23 13:20","0.0","0","No"
"2017-11-23 13:40","0.0","0","No"
"2017-11-23 14:00","0.1","0","Yes"
"2017-11-23 14:20","0.1","0","No"
"2017-11-23 14:40","0.0","0","No"
"2017-11-23 15:00","0.0","0","Yes"
"2017-11-23 15:20","0.0","0","No"
"2017-11-23 15:40","0.0","0","No"
"2017-11-23 16:00","0.0","0","No"
"2017-11-23 16:20","0.0","0","No"
"2017-11-23 16:40","0.0","0","No"
"2017-11-23 17:00","0.0","0","No"
"2017-11-23 17:20","0.0","0","No"
"2017-11-23 17:40","0.0","0","No"
"2017-11-23 18:00","0.0","0","No"
"2017-11-23 18:20","0.0","0","No"
"2017-11-23 18:40","0.0","0","No"
"2017-11-23 19:00","0.0","0","No"
"2017-11-23 19:20","0.0","0","No"
"2017-11-23 19:40","0.0","0","No"
"2017-11-23 20:00","0.0","0","No"
"2017-11-23 20:20","0.0","0","No"
"2017-11-23 20:40","0.0","0","No"
"2017-11-23 21:00","0.0","0","No"
"2017-11-23 21:20","0.0","0","No"
"2017-11-23 21:40","0.0","0","No"
"2017-11-23 22:00","0.0","0","No"
"2017-11-23 22:20","0.0","0","No"
"2017-11-23 22:40","0.0","0","No"
"2017-11-23 23:00","0.0","0","No"
"2017-11-23 23:20","0.0","0","No"
"2017-11-23 23:40","0.0","0","No"
"2017-11-24 00:00","0.0","0","No"
"2017-11-24 00:20","0.0","0","No"
"2017-11-24 00:40","0.0","0","No"
"2017-11-24 01:00","0.0","0","No"
"2017-11-24 01:20","0.0","0","No"
"2017-11-24 01:40","0.0","0","No"
"2017-11-24 02:00","0.0","0","No"
"2017-11-24 02:20","0.0","0","No"
"2017-11-24 02:40","0.0","0","No"
"2017-11-24 03:00","0.0","0","No"
"2017-11-24 03:20","0.0","0","No"
"2017-11-24 03:40","0.6","0.0","Yes"
"2017-11-24 04:00","1.4","0.1","Yes"
"2017-11-24 04:20","1.5","0","No"
"2017-11-24 04:40","1.0","0","No"
"2017-11-24 05:00","0.3","0","Yes"
"2017-11-24 05:20","0.2","0","No"
"2017-11-24 05:40","0.1","0","No"
"2017-11-24 06:00","0.1","0.0","Yes"
"2017-11-24 06:20","0.7","0","No"
"2017-11-24 06:40","0.7","0","No"
"2017-11-24 07:00","0.6","0","No"
"2017-11-24 07:20","0.3","0.1","Yes"
"2017-11-24 07:40","2.3","0.1","Yes"
"2017-11-24 08:00","3.8","0.1","Yes"
"2017-11-24 08:20","4.0","0","No"
"2017-11-24 08:40","2.0","0","No"
"2017-11-24 09:00","1.0","0.1","Yes"
"2017-11-24 09:20","1.3","0.0","Yes"
"2017-11-24 09:40","1.5","0","No"
"2017-11-24 10:00","1.1","0","No"
"2017-11-24 10:20","0.3","0","No"
"2017-11-24 10:40","0.1","0","No"
"2017-11-24 11:00","0.0","0","No"
"2017-11-24 11:20","0.0","0","No"
"2017-11-24 11:40","0.0","0","No"
"2017-11-24 12:00","0.0","0","No"
"2017-11-24 12:20","0.0","0","No"
"2017-11-24 12:40","0.0","0","No"
"2017-11-24 13:00","0.0","0","No"
"2017-11-24 13:20","0.0","0","No"
"2017-11-24 13:40","0.0","0","No"
"2017-11-24 14:00","0.0","0","No"
"2017-11-24 14:20","0.0","0","No"
"2017-11-24 14:40","0.0","0","No"
"2017-11-24 15:00","0.0","0","No"
"2017-11-24 15:20","0.0","0.0","Yes"
"2017-11-24 15:40","0.1","0","No"
"2017-11-24 16:00","0.1","0","No"
"2017-11-24 16:20","0.1","0","No"
"2017-11-24 16:40","0.2","0.1","Yes"
"2017-11-24 17:00","1.6","0","No"
"2017-11-24 17:20","2.1","0.0","Yes"
"2017-11-24 17:40","1.9","0","No"
"2017-11-24 18:00","0.7","0.1","Yes"
"2017-11-24 18:20","1.0","0.0","Yes"
"2017-11-24 18:40","1.4","0.0","Yes"
"2017-11-24 19:00","1.5","0.1","Yes"
"2017-11-24 19:20","1.8","0.1","Yes"
"2017-11-24 19:40","2.1","0.1","Yes"
"2017-11-24 20:00","2.9","0.1","Yes"
"2017-11-24 20:20","2.6","0.2","Yes"
"2017-11-24 20:40","2.8","0.1","Yes"
"2017-11-24 21:00","1.9","0.0","Yes"
"2017-11-24 21:20","1.2","0","Yes"
"2017-11-24 21:40","0.2","0","No"
"2017-11-24 22:00","0.0","0","Yes"
"2017-11-24 22:20","0.4","0.0","Yes"
"2017-11-24 22:40","0.7","0.1","Yes"
"2017-11-24 23:00","1.1","0.0","Yes"
"2017-11-24 23:20","0.8","0.0","Yes"
"2017-11-24 23:40","0.5","0","No"
"2017-11-25 00:00","0.2","0.0","Yes"
"2017-11-25 00:20","0.3","0.0","Yes"
"2017-11-25 00:40","0.7","0.0","Yes"
"2017-11-25 01:00","1.1","0.0","Yes"
"2017-11-25 01:20","1.4","0.1","Yes"
"2017-11-25 01:40","1.5","0.0","Yes"
"2017-11-25 02:00","1.1","0","No"
"2017-11-25 02:20","0.5","0","No"
"2017-11-25 02:40","0.0","0","No"
"2017-11-25 03:00","0.0","0","No"
"2017-11-25 03:20","0.0","0","No"
"2017-11-25 03:40","0.0","0","No"
"2017-11-25 04:00","0.0","0","No"
"2017-11-25 04:20","0.0","0","No"
"2017-11-25 04:40","0.0","0","No"
"2017-11-25 05:00","0.0","0","No"
"2017-11-25 05:20","0.0","0","No"
"2017-11-25 05:40","0.0","0","No"
"2017-11-25 06:00","0.0","0","No"
"2017-11-25 06:20","0.0","0","No"
"2017-11-25 06:40","0.0","0","No"
"2017-11-25 07:00","0.0","0","No"
"2017-11-25 07:20","0.0","0","No"
"2017-11-25 07:40","0.0","0","No"
"2017-11-25 08:00","0.0","0","No"
"2017-11-25 08:20","0.0","0","No"
"2017-11-25 08:40","0.0","0","No"
"2017-11-25 09:00","0.0","0","No"
"2017-11-25 09:20","0.0","0","No"
"2017-11-25 09:40","0.0","0","No"
"2017-11-25 10:00","0.0","0","No"
"2017-11-25 10:20","0.0","0","No"
"2017-11-25 10:40","0.0","0","No"
"2017-11-25 11:00","0.0","0","No"
"2017-11-25 11:20","0.0","0","No"
"2017-11-25 11:40","0.0","0","No"
"2017-11-25 12:00","0.0","0","No"
"2017-11-25 12:20","0.0","0","No"
"2017-11-25 12:40","0.0","0","No"
"2017-11-25 13:00","0.0","0","No"
"2017-11-25 13:20","0.0","0","No"
"2017-11-25 13:40","0.0","0","No"
"2017-11-25 14:00","0.0","0","No"
"2017-11-25 14:20","0.0","0","No"
"2017-11-25 14:40","0.0","0","No"
"2017-11-25 15:00","0.0","0","No"
"2017-11-25 15:20","0.0","0","No"
"2017-11-25 15:40","0.0","0","No"
"2017-11-25 16:00","0.0","0","No"
"2017-11-25 16:20","0.0","0","No"
"2017-11-25 16:40","0.0","0","No"
"2017-11-25 17:00","0.0","0","No"
"2017-11-25 17:20","0.0","0","No"
"2017-11-25 17:40","0.0","0","No"
"2017-11-25 18:00","0.0","0","No"
"2017-11-25 18:20","0.0","0","No"
"2017-11-25 18:40","0.0","0","No"
"2017-11-25 19:00","0.0","0","No"
"2017-11-25 19:20","0.0","0","No"
"2017-11-25 19:40","0.0","0","No"
"2017-11-25 20:00","0.0","0","No"
"2017-11-25 20:20","0.0","0","No"
"2017-11-25 20:40","0.0","0","No"
"2017-11-25 21:00","0.0","0","No"
"2017-11-25 21:20","0.0","0","No"
"2017-11-25 21:40","0.0","0","No"
"2017-11-25 22:00","0.0","0","No"
"2017-11-25 22:20","0.0","0","No"
"2017-11-25 22:40","0.0","0","No"
"2017-11-25 23:00","0.0","0","No"
"2017-11-25 23:20","0.0","0","No"
"2017-11-25 23:40","0.0","0","No"
"2017-11-26 00:00","0.0","0","No"
"2017-11-26 00:20","0.0","0","No"
"2017-11-26 00:40","0.0","0","No"
"2017-11-26 01:00","0.0","0","No"
"2017-11-26 01:20","0.0","0","No"
"2017-11-26 01:40","0.0","0","No"
"2017-11-26 02:00","0.0","0","No"
"2017-11-26 02:20","0.0","0","No"
"2017-11-26 02:40","0.0","0","No"
"2017-11-26 03:00","0.0","0","No"
"2017-11-26 03:20","0.0","0","No"
"2017-11-26 04:00","0.0","0","No"
"2017-11-26 04:20","0.0","0","No"
"2017-11-26 04:40","0.0","0","No"
"2017-11-26 05:00","0.0","0","No"
"2017-11-26 05:20","0.0","0","No"
"2017-11-26 05:40","0.0","0","No"
"2017-11-26 06:00","0.0","0","No"
"2017-11-26 06:20","0.0","0","No"
"2017-11-26 06:40","0.0","0","No"
"2017-11-26 07:00","0.0","0","No"
"2017-11-26 07:20","0.0","0","No"
"2017-11-26 07:40","0.0","0","No"
"2017-11-26 08:00","0.0","0","No"
"2017-11-26 08:20","0.0","0","No"
"2017-11-26 08:40","0.0","0","No"
"2017-11-26 09:00","0.0","0","No"
"2017-11-26 09:20","0.0","0","No"
"2017-11-26 09:40","0.0","0","No"
"2017-11-26 10:00","0.0","0","No"
"2017-11-26 10:20","0.0","0","No"
"2017-11-26 10:40","0.0","0","No"
"2017-11-26 11:00","0.0","0","No"
"2017-11-26 11:20","0.0","0","No"
"2017-11-26 11:40","0.0","0","No"
"2017-11-26 12:00","0.0","0","No"
"2017-11-26 12:20","0.2","0.0","Yes"
"2017-11-26 12:40","0.2","0","No"
"2017-11-26 13:00","0.2","0","No"
"2017-11-26 13:20","0.1","0","No"
"2017-11-26 13:40","0.0","0","No"
"2017-11-26 14:00","0.0","0","No"
"2017-11-26 14:20","0.0","0","No"
"2017-11-26 14:40","0.0","0","No"
"2017-11-26 15:00","0.0","0","No"
"2017-11-26 15:20","0.0","0","No"
"2017-11-26 15:40","0.0","0","No"
"2017-11-26 16:00","0.3","0.1","Yes"
"2017-11-26 16:20","0.7","0","No"
"2017-11-26 16:40","0.7","0.0","Yes"
"2017-11-26 17:00","0.6","0","No"
"2017-11-26 17:20","0.2","0","No"
"2017-11-26 17:40","0.2","0","No"
"2017-11-26 18:00","0.0","0","No"
"2017-11-26 18:20","0.0","0","No"
"2017-11-26 18:40","0.0","0","No"
"2017-11-26 19:00","0.0","0","No"
"2017-11-26 19:20","0.0","0","No"
"2017-11-26 19:40","0.0","0","No"
"2017-11-26 20:00","0.0","0","No"
"2017-11-26 20:20","0.0","0","No"
"2017-11-26 20:40","0.0","0","No"
"2017-11-26 21:00","0.0","0","No"
"2017-11-26 21:20","0.0","0","No"
"2017-11-26 21:40","0.0","0","No"
"2017-11-26 22:00","0.0","0","No"
"2017-11-26 22:20","0.0","0","No"
"2017-11-26 22:40","0.0","0","No"
"2017-11-26 23:00","0.0","0","No"
"2017-11-26 23:20","0.0","0","No"
"2017-11-26 23:40","0.0","0","No"
"2017-11-27 00:00","0.0","0","No"
"2017-11-27 00:20","0.0","0","No"
"2017-11-27 00:40","0.0","0","No"
"2017-11-27 01:00","0.0","0","No"
"2017-11-27 01:20","0.0","0","No"
"2017-11-27 01:40","0.0","0","No"
"2017-11-27 02:00","0.0","0","No"
"2017-11-27 02:20","0.0","0","No"
"2017-11-27 02:40","0.0","0","No"
"2017-11-27 03:00","0.0","0","No"
"2017-11-27 03:20","0.0","0","No"
"2017-11-27 03:40","0.0","0","No"
"2017-11-27 04:00","0.0","0","No"
"2017-11-27 04:20","0.0","0","No"
"2017-11-27 04:40","0.0","0","No"
"2017-11-27 05:00","0.0","0","No"
"2017-11-27 05:20","0.0","0","No"
"2017-11-27 05:40","0.0","0","No"
"2017-11-27 06:00","0.0","0","No"
"2017-11-27 06:20","0.0","0","No"
"2017-11-27 06:40","0.0","0","No"
"2017-11-27 07:00","0.0","0","No"
"2017-11-27 07:20","0.0","0","No"
"2017-11-27 07:40","0.0","0","No"
"2017-11-27 08:00","0.0","0","No"
"2017-11-27 08:20","0.0","0","No"
"2017-11-27 08:40","0.0","0","No"
"2017-11-27 09:00","0.0","0","No"
"2017-11-27 09:10","0.0","0","No"
"2017-11-27 09:20","0.0","0","No"
"2017-11-27 09:30","0.0","0","No"
"2017-11-27 09:40","0.0","0","No"
"2017-11-27 09:50","0.0","0","No"
"2017-11-27 10:00","0.0","0","No"
"2017-11-27 10:10","0.0","0","No"
"2017-11-27 10:20","0.0","0","No"
"2017-11-27 10:30","0.0","0","No"
"2017-11-27 10:40","0.0","0","No"
"2017-11-27 10:50","0.0","0","No"
"2017-11-27 11:00","0.0","0","No"
"2017-11-27 11:10","0.0","0","No"
"2017-11-27 11:20","0.0","0","No"
"2017-11-27 11:30","0.0","0","No"
"2017-11-27 11:40","0.0","0","No"
"2017-11-27 11:50","0.0","0","No"
"2017-11-27 12:00","0.0","0","No"
"2017-11-27 12:10","0.0","0","No"
"2017-11-27 12:20","0.0","0","No"
"2017-11-27 12:30","0.0","0","No"
"2017-11-27 12:40","0.0","0","No"
"2017-11-27 12:50","0.0","0","No"
"2017-11-27 13:00","0.0","0","No"
"2017-11-27 13:10","0.0","0","No"
"2017-11-27 13:20","0.0","0","No"
"2017-11-27 13:30","0.0","0","No"
"2017-11-27 13:40","0.0","0","No"
"2017-11-27 13:50","0.0","0","No"
"2017-11-27 14:00","0.0","0","No"
"2017-11-27 14:10","0.0","0","No"
"2017-11-27 14:20","0.0","0","No"
"2017-11-27 14:30","0.0","0","No"
"2017-11-27 14:40","0.0","0","No"
"2017-11-27 14:50","0.0","0","No"
"2017-11-27 15:00","0.0","0","No"
"2017-11-27 15:10","0.0","0","No"
"2017-11-27 15:20","0.0","0","No"
"2017-11-27 15:30","0.0","0","No"
"2017-11-27 15:40","0.0","0","No"
"2017-11-27 15:50","0.0","0","No"
"2017-11-27 16:00","0.0","0","No"
"2017-11-27 16:10","0.0","0","No"
"2017-11-27 16:20","0.0","0","No"
"2017-11-27 16:30","0.0","0","No"
"2017-11-27 16:40","0.0","0","No"
"2017-11-27 16:50","0.0","0","No"
"2017-11-27 17:00","0.0","0","No"
"2017-11-27 17:10","0.0","0","No"
"2017-11-27 17:20","0.0","0","No"
"2017-11-27 17:30","0.0","0","No"
"2017-11-27 17:40","0.0","0","No"
"2017-11-27 17:50","0.0","0","No"
"2017-11-27 18:00","0.0","0","No"
"2017-11-27 18:10","0.0","0","No"
"2017-11-27 18:20","0.0","0","No"
"2017-11-27 18:30","0.0","0","No"
"2017-11-27 18:40","0.0","0","No"
"2017-11-27 18:50","0.0","0","No"
"2017-11-27 19:00","0.0","0","No"
"2017-11-27 19:10","0.0","0","No"
"2017-11-27 19:20","0.0","0","No"
"2017-11-27 19:30","0.0","0","No"
"2017-11-27 19:40","0.0","0","No"
"2017-11-27 19:50","0.0","0","No"
"2017-11-27 20:00","0.0","0","No"
"2017-11-27 20:10","0.0","0","No"
"2017-11-27 20:20","0.0","0","No"
"2017-11-27 20:30","0.0","0","No"
"2017-11-27 20:40","0.0","0","No"
"2017-11-27 20:50","0.0","0","No"
"2017-11-27 21:00","0.0","0","No"
"2017-11-27 21:10","0.0","0","No"
"2017-11-27 21:20","0.0","0","No"
"2017-11-27 21:30","0.0","0","No"
"2017-11-27 21:40","0.0","0","No"
"2017-11-27 21:50","0.0","0","No"
"2017-11-27 22:00","0.0","0","No"
"2017-11-27 22:10","0.0","0","No"
"2017-11-27 22:20","0.0","0","No"
"2017-11-27 22:30","0.0","0","No"
"2017-11-27 22:40","0.0","0","No"
"2017-11-27 22:50","0.0","0","No"
"2017-11-27 23:00","0.0","0","No"
"2017-11-27 23:10","0.0","0","No"
"2017-11-27 23:20","0.0","0","No"
"2017-11-27 23:30","0.0","0","No"
"2017-11-27 23:40","0.0","0","No"
"2017-11-27 23:50","0.0","0","No"
"2017-11-28 00:00","0.0","0","No"
"2017-11-28 00:10","0.0","0","No"
"2017-11-28 00:20","0.0","0","No"
"2017-11-28 00:30","0.0","0","No"
"2017-11-28 00:40","0.0","0","No"
"2017-11-28 00:50","0.0","0","No"
"2017-11-28 01:00","0.0","0","No"
"2017-11-28 01:10","0.0","0","No"
"2017-11-28 01:20","0.0","0","No"
"2017-11-28 01:30","0.0","0","No"
"2017-11-28 01:40","0.0","0","No"
"2017-11-28 01:50","0.2","0.1","Yes"
"2017-11-28 02:00","0.3","0","No"
"2017-11-28 02:10","0.3","0","No"
"2017-11-28 02:20","0.3","0","No"
"2017-11-28 02:30","0.3","0","No"
"2017-11-28 02:40","0.3","0","No"
"2017-11-28 02:50","0.1","0","No"
"2017-11-28 03:00","0.0","0","No"
"2017-11-28 03:10","0.0","0","No"
"2017-11-28 03:20","0.0","0","No"
"2017-11-28 03:30","0.0","0","No"
"2017-11-28 03:40","0.0","0","No"
"2017-11-28 03:50","0.0","0","No"
"2017-11-28 04:00","0.0","0","No"
"2017-11-28 04:10","0.0","0","No"
"2017-11-28 04:20","0.0","0","No"
"2017-11-28 04:30","0.0","0","No"
"2017-11-28 04:40","0.0","0","No"
"2017-11-28 04:50","0.0","0","No"
"2017-11-28 05:00","0.0","0","No"
"2017-11-28 05:10","0.0","0","No"
"2017-11-28 05:20","0.0","0","No"
"2017-11-28 05:30","0.0","0","No"
"2017-11-28 05:40","0.0","0","No"
"2017-11-28 05:50","0.0","0","No"
"2017-11-28 06:00","0.0","0","No"
"2017-11-28 06:10","0.0","0","No"
"2017-11-28 06:20","0.0","0","No"
"2017-11-28 06:30","0.0","0","No"
"2017-11-28 06:40","0.0","0","No"
"2017-11-28 06:50","0.0","0","No"
"2017-11-28 07:00","0.0","0","No"
"2017-11-28 07:10","0.0","0","No"
"2017-11-28 07:20","0.0","0","No"
"2017-11-28 07:30","0.0","0","No"
"2017-11-28 07:40","0.0","0","No"
"2017-11-28 07:50","0.0","0","No"
"2017-11-28 08:00","0.0","0","No"
"2017-11-28 08:10","0.0","0","No"
"2017-11-28 08:20","0.0","0","No"
"2017-11-28 08:30","0.0","0","No"
"2017-11-28 08:40","0.0","0","No"
"2017-11-28 08:50","0.0","0","No"
"2017-11-28 09:00","0.0","0","No"
"2017-11-28 09:10","0.0","0","No"
"2017-11-28 09:20","0.0","0","No"
"2017-11-28 09:30","0.0","0","No"
"2017-11-28 09:40","0.0","0","No"
"2017-11-28 09:50","0.0","0","No"
"2017-11-28 10:00","0.0","0","No"
"2017-11-28 10:10","0.0","0","No"
"2017-11-28 10:20","0.0","0","No"
"2017-11-28 10:30","0.0","0","No"
"2017-11-28 10:40","0.0","0","No"
"2017-11-28 10:50","0.0","0","No"
"2017-11-28 11:00","0.0","0","No"
"2017-11-28 11:10","0.0","0","No"
"2017-11-28 11:20","0.0","0","No"
"2017-11-28 11:30","0.0","0","No"
"2017-11-28 11:40","0.0","0","No"
"2017-11-28 11:50","0.0","0","No"
"2017-11-28 12:00","0.0","0","No"
"2017-11-28 12:10","0.0","0","No"
"2017-11-28 12:20","0.0","0","No"
"2017-11-28 12:30","0.0","0","No"
"2017-11-28 12:40","0.0","0","No"
"2017-11-28 12:50","0.0","0","No"
"2017-11-28 13:00","0.0","0","No"
"2017-11-28 13:10","0.0","0","No"
"2017-11-28 13:20","0.0","0","No"
"2017-11-28 13:30","0.0","0","No"
"2017-11-28 13:40","0.0","0","No"
"2017-11-28 13:50","0.0","0","No"
"2017-11-28 14:00","0.0","0","No"
"2017-11-28 14:10","0.0","0","No"
"2017-11-28 14:20","0.0","0","No"
"2017-11-28 14:30","0.0","0","No"
"2017-11-28 14:40","0.0","0","No"
"2017-11-28 14:50","0.0","0","No"
"2017-11-28 15:00","0.0","0","No"
"2017-11-28 15:10","0.0","0","No"
"2017-11-28 15:20","0.0","0","No"
"2017-11-28 15:30","0.0","0","No"
"2017-11-28 15:40","0.0","0","No"
"2017-11-28 15:50","0.0","0","No"
"2017-11-28 16:00","0.0","0","No"
"2017-11-28 16:10","0.0","0","No"
"2017-11-28 16:20","0.0","0","No"
"2017-11-28 16:30","0.0","0","No"
"2017-11-28 16:40","0.0","0","No"
"2017-11-28 16:50","0.0","0","No"
"2017-11-28 17:00","0.0","0","No"
"2017-11-28 17:10","0.0","0","No"
"2017-11-28 17:20","0.0","0","No"
"2017-11-28 17:30","0.0","0","No"
"2017-11-28 17:40","0.0","0","No"
"2017-11-28 17:50","0.0","0","No"
"2017-11-28 18:00","0.0","0","No"
"2017-11-28 18:10","0.0","0","No"
"2017-11-28 18:20","0.0","0","No"
"2017-11-28 18:30","0.0","0","No"
"2017-11-28 18:40","0.0","0","No"
"2017-11-28 18:50","0.0","0","No"
"2017-11-28 19:00","0.0","0","No"
"2017-11-28 19:10","0.0","0","No"
"2017-11-28 19:20","0.0","0","No"
"2017-11-28 19:30","0.0","0","No"
"2017-11-28 19:40","0.0","0","No"
"2017-11-28 19:50","0.0","0","No"
"2017-11-28 20:00","0.0","0","No"
"2017-11-28 20:10","0.0","0","No"
"2017-11-28 20:20","0.0","0","No"
"2017-11-28 20:30","0.0","0","No"
"2017-11-28 20:40","0.0","0","No"
"2017-11-28 20:50","0.0","0","No"
"2017-11-28 21:00","0.0","0","No"
"2017-11-28 21:10","0.0","0","No"
"2017-11-28 21:20","0.0","0","No"
"2017-11-28 21:30","0.0","0","No"
"2017-11-28 21:40","0.0","0","No"
"2017-11-28 21:50","0.0","0","No"
"2017-11-28 22:00","0.0","0","No"
"2017-11-28 22:10","0.0","0","No"
"2017-11-28 22:20","0.0","0","No"
"2017-11-28 22:30","0.0","0","No"
"2017-11-28 22:40","0.0","0","No"
"2017-11-28 22:50","0.0","0","No"
"2017-11-28 23:00","0.0","0","No"
"2017-11-28 23:10","0.0","0","No"
"2017-11-28 23:20","0.0","0","No"
"2017-11-28 23:30","0.0","0","No"
"2017-11-28 23:40","0.0","0","No"
"2017-11-28 23:50","0.0","0","No"
"2017-11-29 00:00","0.0","0","No"
"2017-11-29 00:10","0.0","0","No"
"2017-11-29 00:20","0.0","0","No"
"2017-11-29 00:30","0.0","0","No"
"2017-11-29 00:40","0.0","0","No"
"2017-11-29 00:50","0.0","0","No"
"2017-11-29 01:00","0.0","0","No"
"2017-11-29 01:10","0.0","0","No"
"2017-11-29 01:20","0.0","0","No"
"2017-11-29 01:30","0.0","0","No"
"2017-11-29 01:40","0.0","0","No"
"2017-11-29 01:50","0.0","0","No"
"2017-11-29 02:00","0.0","0","No"
"2017-11-29 02:10","0.0","0","No"
"2017-11-29 02:20","0.0","0","No"
"2017-11-29 02:30","0.0","0","No"
"2017-11-29 02:40","0.0","0","No"
"2017-11-29 02:50","0.0","0","No"
"2017-11-29 03:00","0.0","0","No"
"2017-11-29 03:10","0.0","0","No"
"2017-11-29 03:20","0.0","0","No"
"2017-11-29 03:30","0.0","0","No"
"2017-11-29 03:40","0.0","0","No"
"2017-11-29 03:50","0.0","0","No"
"2017-11-29 04:00","0.0","0","No"
"2017-11-29 04:10","0.0","0","No"
"2017-11-29 04:20","0.0","0","No"
"2017-11-29 04:30","0.0","0","No"
"2017-11-29 04:40","0.0","0","No"
"2017-11-29 04:50","0.0","0","No"
"2017-11-29 05:00","0.0","0","No"
"2017-11-29 05:10","0.0","0","No"
"2017-11-29 05:20","0.0","0","No"
"2017-11-29 05:30","0.0","0","No"
"2017-11-29 05:40","0.0","0","No"
"2017-11-29 05:50","0.0","0","No"
"2017-11-29 06:00","0.0","0","No"
"2017-11-29 06:10","0.0","0","No"
"2017-11-29 06:20","0.0","0","No"
"2017-11-29 06:30","0.0","0","No"
"2017-11-29 06:40","0.0","0","No"
"2017-11-29 06:50","0.0","0","No"
"2017-11-29 07:00","0.0","0","No"
"2017-11-29 07:10","0.0","0","No"
"2017-11-29 07:20","0.0","0","No"
"2017-11-29 07:30","0.0","0","No"
"2017-11-29 07:40","0.0","0","No"
"2017-11-29 07:50","0.0","0","No"
"2017-11-29 08:00","0.0","0","No"
"2017-11-29 08:10","0.0","0","No"
"2017-11-29 08:20","0.0","0","No"
"2017-11-29 08:30","0.0","0","No"
"2017-11-29 08:40","0.0","0","No"
"2017-11-29 08:50","0.0","0","No"
"2017-11-29 09:00","0.0","0","No"
"2017-11-29 09:10","0.0","0","No"
"2017-11-29 09:20","0.0","0","No"
"2017-11-29 09:30","0.0","0","No"
"2017-11-29 09:40","0.0","0","No"
"2017-11-29 09:50","0.0","0","No"
"2017-11-29 10:00","0.0","0","No"
"2017-11-29 10:10","0.0","0","No"
"2017-11-29 10:20","0.0","0","No"
"2017-11-29 10:30","0.0","0","No"
"2017-11-29 10:40","0.0","0","No"
"2017-11-29 10:50","0.0","0","No"
"2017-11-29 11:00","0.0","0","No"
"2017-11-29 11:10","0.0","0","No"
"2017-11-29 11:20","0.0","0","No"
"2017-11-29 11:30","0.0","0","No"
"2017-11-29 11:40","0.0","0","No"
"2017-11-29 11:50","0.0","0","No"
"2017-11-29 12:00","0.0","0","No"
"2017-11-29 12:10","0.0","0","No"
"2017-11-29 12:20","0.0","0","No"
"2017-11-29 12:30","0.0","0","No"
"2017-11-29 12:40","0.0","0","No"
"2017-11-29 12:50","0.0","0","No"
"2017-11-29 13:00","0.0","0","No"
"2017-11-29 13:10","0.0","0","No"
"2017-11-29 13:20","0.0","0","No"
"2017-11-29 13:30","0.0","0","No"
"2017-11-29 13:40","0.0","0","No"
"2017-11-29 13:50","0.0","0","No"
"2017-11-29 14:00","0.0","0","No"
"2017-11-29 14:10","0.0","0","No"
"2017-11-29 14:20","0.0","0","No"
"2017-11-29 14:30","0.0","0","No"
"2017-11-29 14:40","0.0","0","No"
"2017-11-29 14:50","0.0","0","No"
"2017-11-29 15:00","0.0","0","No"
"2017-11-29 15:10","0.0","0","No"
"2017-11-29 15:20","0.0","0","No"
"2017-11-29 15:30","0.0","0","No"
"2017-11-29 15:40","0.0","0","No"
"2017-11-29 15:50","0.0","0","No"
"2017-11-29 16:00","0.0","0","No"
"2017-11-29 16:10","0.0","0","No"
"2017-11-29 16:20","0.0","0","No"
"2017-11-29 16:30","0.0","0","No"
"2017-11-29 16:40","0.0","0","No"
"2017-11-29 16:50","0.0","0","No"
"2017-11-29 17:00","0.0","0","No"
"2017-11-29 17:10","0.0","0","No"
"2017-11-29 17:20","0.0","0","No"
"2017-11-29 17:30","0.0","0","No"
"2017-11-29 17:40","0.0","0","No"
"2017-11-29 17:50","0.0","0","No"
"2017-11-29 18:00","0.0","0","No"
"2017-11-29 18:10","0.0","0","No"
"2017-11-29 18:20","0.0","0","No"
"2017-11-29 18:30","0.0","0","No"
"2017-11-29 18:40","0.0","0","No"
"2017-11-29 18:50","0.0","0","No"
"2017-11-29 19:00","0.0","0","No"
"2017-11-29 19:10","0.0","0","No"
"2017-11-29 19:20","0.0","0","No"
"2017-11-29 19:30","0.0","0","No"
"2017-11-29 19:40","0.0","0","No"
"2017-11-29 19:50","0.0","0","No"
"2017-11-29 20:00","0.0","0","No"
"2017-11-29 20:10","0.0","0","No"
"2017-11-29 20:20","0.0","0","No"
"2017-11-29 20:30","0.0","0","No"
"2017-11-29 20:40","0.0","0","No"
"2017-11-29 20:50","0.0","0","No"
"2017-11-29 21:00","0.0","0","No"
"2017-11-29 21:10","0.0","0","No"
"2017-11-29 21:20","0.0","0","No"
"2017-11-29 21:30","0.0","0","No"
"2017-11-29 21:40","0.0","0","No"
"2017-11-29 21:50","0.0","0","No"
"2017-11-29 22:00","0.0","0","No"
"2017-11-29 22:10","0.0","0","No"
"2017-11-29 22:20","0.0","0","No"
"2017-11-29 22:30","0.0","0","No"
"2017-11-29 22:40","0.0","0","No"
"2017-11-29 22:50","0.0","0","No"
"2017-11-29 23:00","0.0","0","No"
"2017-11-29 23:10","0.0","0","No"
"2017-11-29 23:20","0.0","0","No"
"2017-11-29 23:30","0.0","0","No"
"2017-11-29 23:40","0.0","0","No"
"2017-11-29 23:50","0.0","0","No"
"2017-11-30 00:00","0.0","0","No"
"2017-11-30 00:10","0.0","0","No"
"2017-11-30 00:20","0.0","0","No"
"2017-11-30 00:30","0.0","0","No"
"2017-11-30 00:40","0.0","0","No"
"2017-11-30 00:50","0.0","0","No"
"2017-11-30 01:00","0.0","0","No"
"2017-11-30 01:10","0.0","0","No"
"2017-11-30 01:20","0.0","0","No"
"2017-11-30 01:30","0.0","0","No"
"2017-11-30 01:40","0.0","0","No"
"2017-11-30 01:50","0.0","0","No"
"2017-11-30 02:00","0.0","0","No"
"2017-11-30 02:10","0.0","0","No"
"2017-11-30 02:20","0.0","0","No"
"2017-11-30 02:30","0.0","0","No"
"2017-11-30 02:41","0.0","0","No"
"2017-11-30 02:50","0.0","0","No"
"2017-11-30 03:03","0.0","0","No"
"2017-11-30 03:10","0.0","0","No"
"2017-11-30 03:20","0.0","0","No"
"2017-11-30 03:30","0.0","0","No"
"2017-11-30 03:40","0.0","0","No"
"2017-11-30 03:50","0.0","0","No"
"2017-11-30 04:00","0.0","0","No"
"2017-11-30 04:10","0.0","0","No"
"2017-11-30 04:20","0.0","0","No"
"2017-11-30 04:30","0.0","0","No"
"2017-11-30 04:40","0.0","0","No"
"2017-11-30 04:50","0.0","0","No"
"2017-11-30 05:00","0.0","0","No"
"2017-11-30 05:10","0.0","0","No"
"2017-11-30 05:20","0.0","0","No"
"2017-11-30 05:30","0.0","0","No"
"2017-11-30 05:40","0.0","0","No"
"2017-11-30 05:50","0.0","0","No"
"2017-11-30 06:00","0.0","0","No"
"2017-11-30 06:10","0.0","0","No"
"2017-11-30 06:20","0.0","0","No"
"2017-11-30 06:30","0.0","0","No"
"2017-11-30 06:40","0.0","0","No"
"2017-11-30 06:50","0.0","0","No"
"2017-11-30 07:00","0.0","0","No"
"2017-11-30 07:10","0.0","0","No"
"2017-11-30 07:20","0.0","0","No"
"2017-11-30 07:30","0.0","0","No"
"2017-11-30 07:40","0.0","0","No"
"2017-11-30 07:50","0.0","0","No"
"2017-11-30 08:00","0.0","0","No"
"2017-11-30 08:10","0.0","0","No"
"2017-11-30 08:20","0.0","0","No"
"2017-11-30 08:30","0.0","0","No"
"2017-11-30 08:40","0.0","0","No"
"2017-11-30 08:50","0.0","0","No"
"2017-11-30 09:00","0.0","0","No"
"2017-11-30 09:10","0.0","0","No"
"2017-11-30 09:20","0.0","0","No"
"2017-11-30 09:30","0.0","0","No"
"2017-11-30 09:40","0.0","0","No"
"2017-11-30 09:50","0.0","0","No"
"2017-11-30 10:00","0.0","0","No"
"2017-11-30 10:10","0.0","0","No"
"2017-11-30 10:20","0.0","0","No"
"2017-11-30 10:30","0.0","0","No"
"2017-11-30 10:40","0.0","0","No"
"2017-11-30 10:50","0.0","0","No"
"2017-11-30 11:00","0.0","0","No"
"2017-11-30 11:10","0.0","0","No"
"2017-11-30 11:20","0.0","0","No"
"2017-11-30 11:30","0.0","0","No"
"2017-11-30 11:40","0.0","0","No"
"2017-11-30 11:50","0.0","0","No"
"2017-11-30 12:00","0.0","0","No"
"2017-11-30 12:10","0.0","0","No"
"2017-11-30 12:20","0.0","0","No"
"2017-11-30 12:30","0.0","0","No"
"2017-11-30 12:40","0.0","0","No"
"2017-11-30 12:50","0.0","0","No"
"2017-11-30 13:00","0.0","0","No"
"2017-11-30 13:10","0.0","0","No"
"2017-11-30 13:20","0.0","0","No"
"2017-11-30 13:30","0.0","0","No"
"2017-11-30 13:40","0.0","0","No"
"2017-11-30 13:50","0.0","0","No"
"2017-11-30 14:00","0.0","0","No"
"2017-11-30 14:10","0.0","0","No"
"2017-11-30 14:20","0.0","0","No"
"2017-11-30 14:30","0.0","0","No"
"2017-11-30 14:40","0.0","0","No"
"2017-11-30 14:50","0.0","0","No"
"2017-11-30 15:00","0.0","0","No"
"2017-11-30 15:10","0.0","0","No"
"2017-11-30 15:20","0.0","0","No"
"2017-11-30 15:30","0.0","0.0","Yes"
"2017-11-30 15:40","0.0","0","No"
"2017-11-30 15:50","0.0","0","No"
"2017-11-30 16:00","0.0","0","No"
"2017-11-30 16:10","0.0","0","No"
"2017-11-30 16:20","0.0","0","No"
"2017-11-30 16:30","0.0","0","No"
"2017-11-30 16:40","0.0","0","No"
"2017-11-30 16:50","0.0","0","No"
"2017-11-30 17:00","0.0","0","No"
"2017-11-30 17:10","0.0","0.1","Yes"
"2017-11-30 17:20","0.1","0.0","Yes"
"2017-11-30 17:30","0.9","0.0","Yes"
"2017-11-30 17:40","0.9","0","No"
"2017-11-30 17:50","0.9","0","No"
"2017-11-30 18:00","0.9","0","No"
"2017-11-30 18:10","0.8","0","No"
"2017-11-30 18:20","0.8","0","No"
"2017-11-30 18:30","0.0","0","No"
"2017-11-30 18:40","0.0","0","No"
"2017-11-30 18:50","0.0","0","No"
"2017-11-30 19:00","0.0","0","No"
"2017-11-30 19:10","0.0","0","No"
"2017-11-30 19:20","0.0","0","No"
"2017-11-30 19:30","0.0","0","No"
"2017-11-30 19:40","0.0","0","No"
"2017-11-30 19:50","0.0","0","No"
"2017-11-30 20:00","0.0","0","No"
"2017-11-30 20:10","0.0","0","No"
"2017-11-30 20:20","0.0","0","No"
"2017-11-30 20:30","0.0","0","No"
"2017-11-30 20:40","0.0","0","No"
"2017-11-30 20:50","0.0","0","No"
"2017-11-30 21:00","0.0","0","No"
"2017-11-30 21:10","0.0","0","No"
"2017-11-30 21:20","0.0","0","No"
"2017-11-30 21:30","0.0","0","No"
"2017-11-30 21:40","0.0","0","No"
"2017-11-30 21:50","0.0","0","No"
"2017-11-30 22:00","0.0","0","No"
"2017-11-30 22:10","0.0","0","No"
"2017-11-30 22:20","0.0","0","No"
"2017-11-30 22:30","0.0","0","No"
"2017-11-30 22:40","0.0","0","No"
"2017-11-30 22:50","0.0","0","No"
"2017-11-30 23:00","0.0","0","No"
"2017-11-30 23:10","0.0","0","No"
"2017-11-30 23:20","0.0","0","No"
"2017-11-30 23:30","0.0","0","No"
"2017-11-30 23:40","0.0","0","No"
"2017-11-30 23:50","0.0","0","No"
"2017-12-01 00:00","0.0","0","No"